seqname	dsDNAphage	NCLDV	RNA	ssDNA	lavidaviridae	max_score	max_score_group	length	hallmark	viral	cellular
vOTU_1	0.993	0.087	0.000	0.000	0.007	0.993	dsDNAphage	317786	17	34.700	2.700
vOTU_2	0.973	0.393	0.020	0.027	0.120	0.973	dsDNAphage	234287	29	41.500	0.500
vOTU_16	0.993	0.167	0.035	0.160	0.067	0.993	dsDNAphage	97520	17	46.900	0.000
vOTU_17	1.000	0.247	0.010	0.153	0.040	1.000	dsDNAphage	96014	17	50.300	0.600
vOTU_21	1.000	0.260	0.015	0.153	0.087	1.000	dsDNAphage	90552	18	39.800	0.000
vOTU_23	1.000	0.227	0.005	0.060	0.033	1.000	dsDNAphage	86260	4	20.500	0.600
vOTU_29	1.000	0.073	0.000	0.033	0.100	1.000	dsDNAphage	76943	7	57.300	1.000
vOTU_37	1.000	0.360	0.015	0.100	0.387	1.000	dsDNAphage	71084	4	43.600	1.300
vOTU_45	1.000	0.060	0.000	0.013	0.000	1.000	dsDNAphage	65808	4	29.600	3.100
vOTU_48	1.000	0.060	0.000	0.000	0.027	1.000	dsDNAphage	65098	5	32.600	2.100
vOTU_52	0.987	0.413	0.000	0.000	0.100	0.987	dsDNAphage	64181	12	31.100	7.800
vOTU_57	0.993	0.307	0.075	0.200	0.293	0.993	dsDNAphage	62542	15	47.200	2.200
vOTU_62	1.000	0.173	0.010	0.047	0.060	1.000	dsDNAphage	61180	7	40.600	1.000
vOTU_68	1.000	0.527	0.040	0.280	0.787	1.000	dsDNAphage	59538	16	60.000	0.000
vOTU_77	1.000	0.307	0.000	0.000	0.073	1.000	dsDNAphage	56296	7	43.300	3.300
vOTU_85	1.000	0.240	0.020	0.187	0.327	1.000	dsDNAphage	54668	4	32.900	1.300
vOTU_89	1.000	0.353	0.010	0.033	0.067	1.000	dsDNAphage	52990	3	36.200	0.000
vOTU_90	1.000	0.480	0.015	0.047	0.127	1.000	dsDNAphage	52890	13	42.300	0.000
vOTU_111	1.000	0.287	0.035	0.207	0.360	1.000	dsDNAphage	49693	5	59.400	0.000
vOTU_116	0.973	0.227	0.000	0.007	0.053	0.973	dsDNAphage	49118	7	46.600	4.100
vOTU_124	1.000	0.247	0.090	0.593	0.680	1.000	dsDNAphage	47827	14	66.700	0.000
vOTU_149	0.993	0.220	0.000	0.020	0.013	0.993	dsDNAphage	44822	7	60.000	4.400
vOTU_153	0.993	0.207	0.000	0.233	0.100	0.993	dsDNAphage	44754	21	43.700	1.100
vOTU_205	0.993	0.400	0.225	0.180	0.633	0.993	dsDNAphage	41031	6	37.900	0.000
vOTU_211	1.000	0.400	0.000	0.013	0.027	1.000	dsDNAphage	40602	6	44.400	1.600
vOTU_225	1.000	0.253	0.005	0.053	0.207	1.000	dsDNAphage	39608	7	49.100	0.000
vOTU_260	1.000	0.500	0.000	0.033	0.053	1.000	dsDNAphage	38130	7	46.800	0.000
vOTU_272	1.000	0.073	0.000	0.027	0.000	1.000	dsDNAphage	37474	6	27.500	2.900
vOTU_276	0.993	0.260	0.010	0.067	0.287	0.993	dsDNAphage	37324	1	25.400	1.600
vOTU_364	0.993	0.280	0.045	0.107	0.113	0.993	dsDNAphage	33760	12	43.100	0.000
vOTU_1074	0.987	0.660	0.090	0.160	0.620	0.987	dsDNAphage	22268	3	50.000	0.000
vOTU_2388	0.947	0.687	0.075	0.093	0.427	0.947	dsDNAphage	15519	1	42.900	0.000
vOTU_5390	0.933	0.080	0.000	0.007	0.047	0.933	dsDNAphage	10217	3	26.700	6.700
vOTU_7929	0.460	0.853	0.075	0.073	0.753	0.853	NCLDV	8399	0	33.300	0.000
vOTU_4	1.000	0.107	0.000	0.080	0.113	1.000	dsDNAphage	198642	11	52.500	0.400
vOTU_5	1.000	0.100	0.005	0.027	0.013	1.000	dsDNAphage	172437	4	24.100	1.200
vOTU_7	0.993	0.627	0.000	0.007	0.027	0.993	dsDNAphage	159345	19	45.300	1.600
vOTU_8	0.993	0.093	0.000	0.013	0.053	0.993	dsDNAphage	147593	15	48.900	1.100
vOTU_11	0.813	0.420	0.000	0.053	0.373	0.813	dsDNAphage	104494	0	44.700	1.600
vOTU_25	0.987	0.427	0.005	0.033	0.047	0.987	dsDNAphage	83069	10	47.100	0.700
vOTU_27	1.000	0.313	0.000	0.067	0.073	1.000	dsDNAphage	78909	4	72.300	1.000
vOTU_33	1.000	0.273	0.000	0.013	0.027	1.000	dsDNAphage	72227	13	43.600	2.100
vOTU_38	0.980	0.793	0.015	0.073	0.507	0.980	dsDNAphage	70434	11	72.300	2.100
vOTU_42	1.000	0.867	0.055	0.060	0.140	1.000	dsDNAphage	68368	12	44.300	0.000
vOTU_43	0.940	0.147	0.005	0.000	0.173	0.940	dsDNAphage	66659	4	22.100	1.500
vOTU_44	1.000	0.693	0.005	0.067	0.273	1.000	dsDNAphage	66644	8	53.500	0.000
vOTU_46	1.000	0.667	0.040	0.153	0.267	1.000	dsDNAphage	65593	9	39.800	0.000
vOTU_50	1.000	0.220	0.060	0.087	0.013	1.000	dsDNAphage	64383	4	24.100	2.200
vOTU_51	0.980	0.593	0.000	0.000	0.007	0.980	dsDNAphage	64364	4	15.300	0.900
vOTU_53	1.000	0.513	0.015	0.253	0.593	1.000	dsDNAphage	63048	2	66.200	1.200
vOTU_58	1.000	0.340	0.005	0.033	0.040	1.000	dsDNAphage	61936	5	33.000	1.100
vOTU_69	0.993	0.107	0.000	0.000	0.027	0.993	dsDNAphage	59421	9	40.000	4.400
vOTU_72	0.980	0.107	0.005	0.007	0.320	0.980	dsDNAphage	58730	6	35.000	6.700
vOTU_87	1.000	0.360	0.000	0.007	0.067	1.000	dsDNAphage	53531	6	37.800	2.700
vOTU_94	0.980	0.320	0.000	0.000	0.007	0.980	dsDNAphage	51435	5	30.400	3.800
vOTU_96	0.840	0.107	0.000	0.000	0.193	0.840	dsDNAphage	51819	1	16.900	10.200
vOTU_101	1.000	0.313	0.000	0.007	0.013	1.000	dsDNAphage	50955	12	48.600	5.600
vOTU_115	0.933	0.133	0.000	0.000	0.060	0.933	dsDNAphage	48519	8	31.100	4.900
vOTU_141	0.980	0.053	0.040	0.040	0.467	0.980	dsDNAphage	45823	2	14.900	2.700
vOTU_146	1.000	0.240	0.115	0.047	0.580	1.000	dsDNAphage	45053	2	20.000	0.000
vOTU_148	0.993	0.160	0.000	0.000	0.080	0.993	dsDNAphage	45016	16	37.300	9.000
vOTU_159	1.000	0.187	0.000	0.000	0.013	1.000	dsDNAphage	44123	9	31.900	4.200
vOTU_160	0.767	0.627	0.000	0.000	0.147	0.767	dsDNAphage	39648	0	25.000	0.000
vOTU_171	0.993	0.100	0.000	0.020	0.060	0.993	dsDNAphage	42927	9	66.000	6.000
vOTU_178	1.000	0.040	0.000	0.007	0.000	1.000	dsDNAphage	42728	7	57.100	9.500
vOTU_183	0.973	0.073	0.000	0.000	0.153	0.973	dsDNAphage	42514	2	21.000	3.200
vOTU_185	0.947	0.780	0.025	0.087	0.480	0.947	dsDNAphage	42364	9	40.900	2.300
vOTU_193	1.000	0.313	0.010	0.327	0.053	1.000	dsDNAphage	41346	6	33.700	1.200
vOTU_201	1.000	0.093	0.005	0.007	0.660	1.000	dsDNAphage	41011	5	46.700	6.700
vOTU_208	1.000	0.480	0.040	0.087	0.320	1.000	dsDNAphage	40934	7	48.900	0.000
vOTU_210	0.960	0.127	0.000	0.000	0.000	0.960	dsDNAphage	40269	8	30.000	8.000
vOTU_212	0.980	0.087	0.000	0.000	0.047	0.980	dsDNAphage	37737	2	22.400	6.900
vOTU_214	0.993	0.553	0.000	0.027	0.013	0.993	dsDNAphage	39672	8	45.500	1.500
vOTU_227	0.913	0.547	0.085	0.167	0.727	0.913	dsDNAphage	38700	0	33.300	3.200
vOTU_228	0.847	0.133	0.000	0.000	0.007	0.847	dsDNAphage	38964	1	26.800	4.900
vOTU_238	0.993	0.260	0.050	0.127	0.573	0.993	dsDNAphage	39072	2	73.700	0.000
vOTU_245	1.000	0.573	0.000	0.000	0.087	1.000	dsDNAphage	38604	5	47.800	4.300
vOTU_251	0.993	0.167	0.000	0.007	0.000	0.993	dsDNAphage	37811	8	46.600	6.900
vOTU_256	0.967	0.113	0.000	0.000	0.007	0.967	dsDNAphage	37235	6	22.800	8.800
vOTU_270	0.993	0.427	0.025	0.073	0.580	0.993	dsDNAphage	37375	4	62.500	4.200
vOTU_271	0.987	0.187	0.000	0.060	0.453	0.987	dsDNAphage	37770	13	51.000	8.200
vOTU_273	0.807	0.033	0.000	0.007	0.027	0.807	dsDNAphage	37521	0	36.700	6.700
vOTU_274	0.767	0.807	0.095	0.147	0.380	0.807	NCLDV	29559	0	52.200	0.000
vOTU_286	0.987	0.513	0.000	0.000	0.020	0.987	dsDNAphage	36949	4	43.500	8.700
vOTU_313	0.993	0.247	0.000	0.020	0.007	0.993	dsDNAphage	35618	16	66.700	4.400
vOTU_315	0.793	0.507	0.270	0.620	0.740	0.793	dsDNAphage	35602	0	52.800	0.000
vOTU_317	1.000	0.427	0.035	0.187	0.527	1.000	dsDNAphage	35331	8	72.100	0.000
vOTU_335	0.973	0.613	0.000	0.007	0.260	0.973	dsDNAphage	34657	2	42.600	0.000
vOTU_343	1.000	0.500	0.160	0.147	0.247	1.000	dsDNAphage	34504	1	25.000	0.000
vOTU_347	1.000	0.093	0.000	0.113	0.007	1.000	dsDNAphage	34538	4	19.400	2.800
vOTU_350	1.000	0.693	0.000	0.007	0.027	1.000	dsDNAphage	34502	7	41.100	1.800
vOTU_357	0.940	0.127	0.000	0.000	0.047	0.940	dsDNAphage	34074	4	34.100	4.900
vOTU_395	1.000	0.873	0.195	0.347	0.733	1.000	dsDNAphage	32729	2	64.600	0.000
vOTU_415	0.940	0.287	0.065	0.087	0.360	0.940	dsDNAphage	31070	0	33.300	3.200
vOTU_417	0.940	0.173	0.070	0.213	0.053	0.940	dsDNAphage	31024	0	34.200	1.400
vOTU_418	1.000	0.113	0.005	0.000	0.020	1.000	dsDNAphage	32064	7	31.200	4.200
vOTU_436	1.000	0.673	0.035	0.053	0.100	1.000	dsDNAphage	31256	2	48.800	0.000
vOTU_453	0.960	0.260	0.000	0.000	0.053	0.960	dsDNAphage	29904	4	40.000	17.500
vOTU_463	1.000	0.187	0.005	0.047	0.073	1.000	dsDNAphage	30591	8	50.000	2.100
vOTU_466	0.993	0.193	0.010	0.040	0.240	0.993	dsDNAphage	30681	1	29.800	2.100
vOTU_483	1.000	0.307	0.080	0.227	0.320	1.000	dsDNAphage	30212	2	33.300	0.000
vOTU_508	0.993	0.047	0.000	0.013	0.087	0.993	dsDNAphage	29599	9	47.500	5.000
vOTU_517	0.887	0.093	0.000	0.000	0.007	0.887	dsDNAphage	29119	3	26.900	19.200
vOTU_521	0.973	0.233	0.000	0.020	0.467	0.973	dsDNAphage	29422	3	35.500	6.500
vOTU_558	0.773	0.040	0.000	0.000	0.180	0.773	dsDNAphage	26277	1	19.000	14.300
vOTU_596	0.980	0.273	0.200	0.220	0.053	0.980	dsDNAphage	27949	0	22.400	0.000
vOTU_617	0.993	0.133	0.000	0.007	0.027	0.993	dsDNAphage	27309	2	39.000	4.900
vOTU_620	1.000	0.927	0.395	0.753	0.967	1.000	dsDNAphage	27602	4	55.600	0.000
vOTU_654	0.987	0.600	0.000	0.000	0.060	0.987	dsDNAphage	27111	11	45.200	12.900
vOTU_674	0.993	0.427	0.005	0.053	0.093	0.993	dsDNAphage	26767	4	39.500	0.000
vOTU_679	0.893	0.207	0.010	0.000	0.307	0.893	dsDNAphage	26307	1	27.600	3.400
vOTU_682	1.000	0.393	0.000	0.013	0.020	1.000	dsDNAphage	26417	6	46.300	2.400
vOTU_691	0.993	0.133	0.005	0.007	0.040	0.993	dsDNAphage	26140	11	50.000	26.700
vOTU_714	1.000	0.740	0.005	0.107	0.100	1.000	dsDNAphage	26192	2	35.900	0.000
vOTU_761	0.987	0.200	0.005	0.000	0.180	0.987	dsDNAphage	25537	7	38.900	8.300
vOTU_780	1.000	0.207	0.000	0.020	0.027	1.000	dsDNAphage	25247	8	54.100	2.700
vOTU_802	0.993	0.347	0.000	0.000	0.007	0.993	dsDNAphage	25028	2	27.300	3.000
vOTU_806	0.987	0.560	0.030	0.187	0.647	0.987	dsDNAphage	24966	5	48.100	0.000
vOTU_816	1.000	0.567	0.005	0.047	0.473	1.000	dsDNAphage	24112	4	47.200	2.800
vOTU_822	1.000	0.627	0.005	0.020	0.113	1.000	dsDNAphage	24280	6	63.300	3.300
vOTU_827	0.953	0.287	0.000	0.000	0.007	0.953	dsDNAphage	24822	3	32.100	7.100
vOTU_828	0.867	0.007	0.000	0.000	0.020	0.867	dsDNAphage	24815	4	37.500	25.000
vOTU_859	0.953	0.093	0.010	0.000	0.560	0.953	dsDNAphage	24229	5	40.000	10.000
vOTU_883	0.713	0.753	0.010	0.147	0.573	0.753	NCLDV	23966	0	74.100	7.400
vOTU_936	0.980	0.093	0.000	0.000	0.000	0.980	dsDNAphage	23551	3	22.600	3.200
vOTU_942	0.940	0.060	0.000	0.000	0.020	0.940	dsDNAphage	23475	0	31.200	4.200
vOTU_945	0.987	0.680	0.315	0.273	0.073	0.987	dsDNAphage	22166	0	21.100	0.000
vOTU_948	0.987	0.273	0.005	0.040	0.000	0.987	dsDNAphage	23419	12	71.000	3.200
vOTU_953	0.907	0.600	0.075	0.373	0.173	0.907	dsDNAphage	23185	0	23.800	0.000
vOTU_961	0.993	0.347	0.090	0.153	0.307	0.993	dsDNAphage	23249	8	74.100	0.000
vOTU_967	1.000	0.067	0.015	0.007	0.007	1.000	dsDNAphage	23262	2	32.500	2.500
vOTU_1083	0.987	0.447	0.000	0.100	0.033	0.987	dsDNAphage	22205	5	48.800	2.300
vOTU_1137	1.000	0.893	0.085	0.513	0.987	1.000	dsDNAphage	21120	1	75.000	0.000
vOTU_1185	0.987	0.493	0.145	0.087	0.573	0.987	dsDNAphage	21313	3	28.600	0.000
vOTU_1197	0.853	0.027	0.000	0.000	0.007	0.853	dsDNAphage	21274	4	26.300	15.800
vOTU_1198	1.000	0.820	0.160	0.173	0.787	1.000	dsDNAphage	21245	4	56.500	0.000
vOTU_1216	0.980	0.053	0.020	0.007	0.380	0.980	dsDNAphage	21161	5	32.000	8.000
vOTU_1251	0.993	0.453	0.000	0.007	0.007	0.993	dsDNAphage	20866	7	56.000	8.000
vOTU_1259	0.993	0.867	0.030	0.067	0.207	0.993	dsDNAphage	20821	5	41.900	0.000
vOTU_1275	1.000	0.407	0.245	0.153	0.487	1.000	dsDNAphage	20736	1	11.400	0.000
vOTU_1280	1.000	0.407	0.135	0.667	0.720	1.000	dsDNAphage	20706	7	64.000	0.000
vOTU_1293	0.973	0.233	0.025	0.107	0.587	0.973	dsDNAphage	20482	5	50.000	4.500
vOTU_1301	0.927	0.760	0.000	0.000	0.000	0.927	dsDNAphage	19670	3	20.000	6.700
vOTU_1314	0.700	0.240	0.015	0.080	0.907	0.907	lavidaviridae	15999	0	25.000	10.000
vOTU_1323	0.987	0.320	0.010	0.047	0.547	0.987	dsDNAphage	19642	3	18.200	3.000
vOTU_1326	0.927	0.513	0.000	0.007	0.027	0.927	dsDNAphage	17533	8	50.000	4.500
vOTU_1333	1.000	0.647	0.050	0.133	0.453	1.000	dsDNAphage	20114	5	43.500	0.000
vOTU_1355	1.000	0.200	0.015	0.093	0.053	1.000	dsDNAphage	20109	2	37.100	0.000
vOTU_1372	1.000	0.147	0.000	0.020	0.080	1.000	dsDNAphage	19846	9	57.700	11.500
vOTU_1375	0.953	0.287	0.000	0.020	0.047	0.953	dsDNAphage	19885	3	55.000	5.000
vOTU_1377	1.000	0.380	0.030	0.133	0.320	1.000	dsDNAphage	19934	8	58.300	0.000
vOTU_1385	0.880	0.500	0.055	0.113	0.273	0.880	dsDNAphage	19829	0	22.200	0.000
vOTU_1404	0.873	0.007	0.005	0.000	0.013	0.873	dsDNAphage	19451	3	16.700	13.300
vOTU_1410	0.893	0.340	0.300	0.200	0.240	0.893	dsDNAphage	19470	0	3.900	0.000
vOTU_1416	1.000	0.227	0.150	0.387	0.827	1.000	dsDNAphage	19515	7	65.400	0.000
vOTU_1440	0.987	0.473	0.105	0.513	0.793	0.987	dsDNAphage	19598	3	65.500	0.000
vOTU_1465	0.960	0.527	0.110	0.047	0.713	0.960	dsDNAphage	19465	4	56.200	0.000
vOTU_1479	0.993	0.027	0.000	0.040	0.013	0.993	dsDNAphage	18940	2	23.100	7.700
vOTU_1485	1.000	0.527	0.000	0.027	0.027	1.000	dsDNAphage	19352	5	51.700	3.400
vOTU_1495	0.953	0.060	0.000	0.000	0.033	0.953	dsDNAphage	19156	1	24.000	8.000
vOTU_1497	0.993	0.593	0.030	0.007	0.020	0.993	dsDNAphage	19201	2	40.000	5.000
vOTU_1534	1.000	0.367	0.010	0.053	0.633	1.000	dsDNAphage	18769	1	29.400	5.900
vOTU_1588	1.000	0.047	0.000	0.020	0.007	1.000	dsDNAphage	18677	1	7.900	2.600
vOTU_1591	0.933	0.067	0.000	0.000	0.000	0.933	dsDNAphage	18809	1	10.000	3.300
vOTU_1622	1.000	0.420	0.120	0.433	0.553	1.000	dsDNAphage	18582	7	100.000	0.000
vOTU_1729	0.907	0.220	0.010	0.040	0.167	0.907	dsDNAphage	18035	0	46.400	0.000
vOTU_1744	0.627	0.780	0.135	0.060	0.927	0.927	lavidaviridae	17961	0	26.300	0.000
vOTU_1746	1.000	0.327	0.000	0.000	0.020	1.000	dsDNAphage	17956	8	52.000	4.000
vOTU_1759	0.860	0.107	0.000	0.000	0.033	0.860	dsDNAphage	17911	6	34.800	26.100
vOTU_1768	0.860	0.067	0.000	0.007	0.000	0.860	dsDNAphage	17836	0	26.500	8.800
vOTU_1775	1.000	0.573	0.020	0.100	0.167	1.000	dsDNAphage	17844	7	48.300	0.000
vOTU_1808	0.793	0.287	0.025	0.000	0.253	0.793	dsDNAphage	17455	1	28.600	0.000
vOTU_1837	0.980	0.407	0.000	0.020	0.360	0.980	dsDNAphage	17570	4	35.000	5.000
vOTU_1840	1.000	0.220	0.000	0.007	0.013	1.000	dsDNAphage	17414	3	30.000	3.300
vOTU_1847	0.993	0.613	0.000	0.053	0.087	0.993	dsDNAphage	17318	5	65.000	5.000
vOTU_1855	0.980	0.487	0.235	0.260	0.887	0.980	dsDNAphage	17055	1	28.000	0.000
vOTU_1884	0.947	0.527	0.030	0.073	0.027	0.947	dsDNAphage	17371	0	19.500	2.400
vOTU_1902	1.000	0.220	0.025	0.007	0.160	1.000	dsDNAphage	17314	1	57.100	7.100
vOTU_1928	0.913	0.387	0.020	0.353	0.133	0.913	dsDNAphage	16929	0	20.000	0.000
vOTU_1930	1.000	0.340	0.035	0.227	0.320	1.000	dsDNAphage	17104	4	54.500	0.000
vOTU_1938	1.000	0.287	0.050	0.167	0.280	1.000	dsDNAphage	16464	4	45.500	0.000
vOTU_1939	0.473	0.553	0.240	0.127	0.940	0.940	lavidaviridae	15751	0	27.300	0.000
vOTU_1976	1.000	0.513	0.095	0.040	0.320	1.000	dsDNAphage	17041	2	42.900	0.000
vOTU_2008	0.993	0.573	0.000	0.000	0.007	0.993	dsDNAphage	16927	6	47.600	14.300
vOTU_2055	1.000	0.193	0.065	0.060	0.553	1.000	dsDNAphage	16740	2	30.800	0.000
vOTU_2068	1.000	0.247	0.260	0.120	0.227	1.000	dsDNAphage	16425	5	38.900	0.000
vOTU_2098	0.993	0.233	0.040	0.093	0.120	0.993	dsDNAphage	16545	9	86.400	0.000
vOTU_2120	0.140	0.747	0.005	0.000	0.067	0.747	NCLDV	16469	0	33.300	25.000
vOTU_2123	0.980	0.300	0.095	0.007	0.040	0.980	dsDNAphage	16406	1	10.000	0.000
vOTU_2156	0.180	0.840	0.040	0.007	0.320	0.840	NCLDV	16335	0	25.000	0.000
vOTU_2174	0.980	0.207	0.005	0.047	0.020	0.980	dsDNAphage	16211	6	68.200	27.300
vOTU_2190	1.000	0.393	0.065	0.273	0.293	1.000	dsDNAphage	16115	4	31.800	0.000
vOTU_2198	0.980	0.300	0.000	0.020	0.007	0.980	dsDNAphage	16187	8	72.200	5.600
vOTU_2218	1.000	0.200	0.030	0.100	0.020	1.000	dsDNAphage	16131	2	33.300	0.000
vOTU_2263	0.973	0.433	0.000	0.000	0.060	0.973	dsDNAphage	16009	1	22.700	9.100
vOTU_2277	0.993	0.453	0.135	0.207	0.140	0.993	dsDNAphage	15680	2	33.300	0.000
vOTU_2310	0.173	0.720	0.000	0.000	0.087	0.720	NCLDV	14374	0	18.200	0.000
vOTU_2314	0.747	0.727	0.000	0.000	0.000	0.747	dsDNAphage	15863	0	36.400	4.500
vOTU_2320	0.727	0.540	0.375	0.067	0.213	0.727	dsDNAphage	15844	0	11.100	0.000
vOTU_2348	1.000	0.753	0.180	0.280	0.433	1.000	dsDNAphage	15648	4	100.000	0.000
vOTU_2384	1.000	0.320	0.040	0.293	0.193	1.000	dsDNAphage	15597	7	50.000	0.000
vOTU_2396	1.000	0.413	0.140	0.193	0.393	1.000	dsDNAphage	15622	6	47.400	0.000
vOTU_2429	0.993	0.953	0.180	0.913	0.967	0.993	dsDNAphage	15185	1	33.300	0.000
vOTU_2431	0.993	0.533	0.090	0.280	0.467	0.993	dsDNAphage	15480	3	82.400	0.000
vOTU_2435	0.933	0.060	0.000	0.013	0.013	0.933	dsDNAphage	15470	5	31.800	13.600
vOTU_2478	0.973	0.073	0.000	0.007	0.020	0.973	dsDNAphage	15041	1	16.000	4.000
vOTU_2508	1.000	0.407	0.150	0.233	0.927	1.000	dsDNAphage	15262	4	62.500	0.000
vOTU_2514	0.993	0.260	0.050	0.067	0.120	0.993	dsDNAphage	15254	2	35.000	0.000
vOTU_2543	0.973	0.220	0.010	0.000	0.320	0.973	dsDNAphage	15086	2	31.200	6.200
vOTU_2587	1.000	0.327	0.105	0.193	0.427	1.000	dsDNAphage	15054	4	70.600	0.000
vOTU_2593	0.727	0.260	0.000	0.000	0.020	0.727	dsDNAphage	15044	1	26.700	13.300
vOTU_2600	0.993	0.780	0.000	0.000	0.007	0.993	dsDNAphage	15030	2	41.200	5.900
vOTU_2619	1.000	0.300	0.335	0.233	0.860	1.000	dsDNAphage	14882	2	29.200	0.000
vOTU_2631	0.820	0.253	0.005	0.000	0.047	0.820	dsDNAphage	14926	2	33.300	8.300
vOTU_2658	0.747	0.493	0.310	0.240	0.907	0.907	lavidaviridae	14804	0	45.500	0.000
vOTU_2659	0.020	0.707	0.005	0.000	0.020	0.707	NCLDV	12933	0	11.100	0.000
vOTU_2660	1.000	0.220	0.025	0.120	0.107	1.000	dsDNAphage	14800	9	94.400	5.600
vOTU_2669	0.713	0.347	0.035	0.127	0.360	0.713	dsDNAphage	14432	0	14.300	0.000
vOTU_2675	0.967	0.167	0.000	0.000	0.240	0.967	dsDNAphage	13952	4	44.400	16.700
vOTU_2687	0.967	0.720	0.115	0.220	0.767	0.967	dsDNAphage	14489	2	50.000	0.000
vOTU_2729	0.973	0.593	0.000	0.007	0.040	0.973	dsDNAphage	14504	3	61.100	5.600
vOTU_2740	1.000	0.580	0.115	0.233	0.273	1.000	dsDNAphage	14655	6	56.200	0.000
vOTU_2746	0.987	0.633	0.010	0.007	0.233	0.987	dsDNAphage	14642	2	41.200	0.000
vOTU_2747	0.880	0.047	0.005	0.000	0.093	0.880	dsDNAphage	14640	1	29.400	11.800
vOTU_2758	0.973	0.233	0.000	0.013	0.460	0.973	dsDNAphage	14327	1	27.800	5.600
vOTU_2759	1.000	0.393	0.000	0.000	0.107	1.000	dsDNAphage	14615	3	42.100	5.300
vOTU_2769	0.900	0.580	0.035	0.053	0.113	0.900	dsDNAphage	14595	0	14.800	0.000
vOTU_2778	0.987	0.020	0.005	0.013	0.027	0.987	dsDNAphage	14497	7	65.000	25.000
vOTU_2786	0.813	0.313	0.320	0.460	0.960	0.960	lavidaviridae	14555	0	83.300	0.000
vOTU_2807	1.000	0.487	0.125	0.560	0.380	1.000	dsDNAphage	13914	4	50.000	0.000
vOTU_2828	0.993	0.173	0.000	0.007	0.033	0.993	dsDNAphage	14446	3	50.000	5.000
vOTU_2841	0.973	0.640	0.060	0.300	0.600	0.973	dsDNAphage	14256	3	41.200	0.000
vOTU_2867	0.853	0.080	0.005	0.000	0.000	0.853	dsDNAphage	14349	0	25.900	3.700
vOTU_2888	1.000	0.773	0.015	0.107	0.340	1.000	dsDNAphage	14282	4	44.400	0.000
vOTU_2894	1.000	0.640	0.145	0.347	0.507	1.000	dsDNAphage	14296	5	61.100	5.600
vOTU_2910	1.000	0.080	0.005	0.007	0.000	1.000	dsDNAphage	14274	5	44.000	4.000
vOTU_2919	0.653	0.780	0.010	0.020	0.073	0.780	NCLDV	14244	0	31.200	0.000
vOTU_2933	0.907	0.480	0.005	0.067	0.060	0.907	dsDNAphage	14222	0	28.100	0.000
vOTU_2972	0.853	0.367	0.015	0.000	0.453	0.853	dsDNAphage	13310	1	27.300	9.100
vOTU_2996	0.940	0.333	0.210	0.680	0.227	0.940	dsDNAphage	13999	0	17.600	0.000
vOTU_3003	0.787	0.227	0.010	0.020	0.020	0.787	dsDNAphage	12416	0	37.500	12.500
vOTU_3053	1.000	0.360	0.085	0.167	0.427	1.000	dsDNAphage	13954	4	45.500	0.000
vOTU_3073	0.833	0.353	0.000	0.007	0.007	0.833	dsDNAphage	13880	7	42.900	33.300
vOTU_3089	0.793	0.013	0.000	0.000	0.107	0.793	dsDNAphage	13835	2	26.300	10.500
vOTU_3107	0.213	0.680	0.085	0.007	0.473	0.680	NCLDV	13790	0	22.200	0.000
vOTU_3109	0.060	0.767	0.010	0.000	0.013	0.767	NCLDV	13019	0	11.100	0.000
vOTU_3115	0.200	0.673	0.000	0.007	0.240	0.673	NCLDV	13555	0	23.500	11.800
vOTU_3125	0.953	0.127	0.000	0.020	0.013	0.953	dsDNAphage	13726	5	43.500	13.000
vOTU_3156	0.113	0.687	0.000	0.000	0.047	0.687	NCLDV	9955	0	14.300	0.000
vOTU_3163	1.000	0.120	0.000	0.027	0.013	1.000	dsDNAphage	13344	2	61.500	7.700
vOTU_3180	1.000	0.340	0.055	0.260	0.307	1.000	dsDNAphage	13587	7	70.600	0.000
vOTU_3228	0.940	0.147	0.020	0.093	0.140	0.940	dsDNAphage	13466	0	42.900	0.000
vOTU_3242	0.880	0.187	0.005	0.047	0.560	0.880	dsDNAphage	13194	0	60.000	15.000
vOTU_3305	0.960	0.107	0.015	0.033	0.033	0.960	dsDNAphage	13310	0	17.200	3.400
vOTU_3318	1.000	0.253	0.005	0.007	0.087	1.000	dsDNAphage	13285	2	43.800	6.200
vOTU_3326	0.980	0.067	0.000	0.000	0.020	0.980	dsDNAphage	12910	1	14.300	4.800
vOTU_3342	0.860	0.060	0.000	0.013	0.080	0.860	dsDNAphage	13247	1	16.700	5.600
vOTU_3368	0.753	0.087	0.075	0.087	0.413	0.753	dsDNAphage	13193	0	58.300	8.300
vOTU_3369	0.087	0.667	0.005	0.000	0.127	0.667	NCLDV	12418	0	20.000	10.000
vOTU_3389	0.833	0.393	0.110	0.060	0.713	0.833	dsDNAphage	12895	1	33.300	0.000
vOTU_3407	1.000	0.700	0.025	0.300	0.300	1.000	dsDNAphage	12987	4	50.000	0.000
vOTU_3412	0.273	0.040	0.020	0.013	0.700	0.700	lavidaviridae	13096	0	28.600	14.300
vOTU_3460	0.993	0.227	0.015	0.033	0.027	0.993	dsDNAphage	13002	4	80.000	5.000
vOTU_3465	0.967	0.207	0.020	0.127	0.060	0.967	dsDNAphage	12929	0	28.100	0.000
vOTU_3472	0.993	0.260	0.030	0.027	0.173	0.993	dsDNAphage	12983	2	41.200	5.900
vOTU_3499	0.960	0.080	0.000	0.020	0.000	0.960	dsDNAphage	12929	1	50.000	18.800
vOTU_3507	0.073	0.793	0.000	0.000	0.127	0.793	NCLDV	12783	0	27.300	0.000
vOTU_3531	0.813	0.420	0.000	0.007	0.127	0.813	dsDNAphage	12865	0	36.800	5.300
vOTU_3536	0.373	0.920	0.105	0.013	0.733	0.920	NCLDV	12072	1	40.000	0.000
vOTU_3541	0.927	0.720	0.005	0.000	0.280	0.927	dsDNAphage	12659	1	27.300	0.000
vOTU_3547	0.993	0.200	0.040	0.353	0.507	0.993	dsDNAphage	12823	2	57.100	0.000
vOTU_3549	0.987	0.073	0.000	0.080	0.027	0.987	dsDNAphage	12671	7	50.000	7.700
vOTU_3608	1.000	0.187	0.640	0.353	0.767	1.000	dsDNAphage	12333	2	45.500	0.000
vOTU_3635	0.940	0.807	0.405	0.293	0.800	0.940	dsDNAphage	12196	0	25.000	0.000
vOTU_3636	0.667	0.980	0.015	0.287	0.267	0.980	NCLDV	12662	0	38.900	0.000
vOTU_3651	0.993	0.667	0.020	0.180	0.127	0.993	dsDNAphage	12638	1	30.800	0.000
vOTU_3653	0.900	0.300	0.000	0.007	0.040	0.900	dsDNAphage	12602	0	45.000	5.000
vOTU_3666	0.993	0.740	0.055	0.293	0.480	0.993	dsDNAphage	12294	2	31.200	0.000
vOTU_3683	0.987	0.253	0.025	0.033	0.140	0.987	dsDNAphage	12585	3	50.000	6.200
vOTU_3694	0.987	0.373	0.425	0.047	0.480	0.987	dsDNAphage	12250	1	25.000	0.000
vOTU_3699	0.727	0.687	0.000	0.060	0.567	0.727	dsDNAphage	12368	0	18.800	6.200
vOTU_3702	0.973	0.213	0.000	0.100	0.040	0.973	dsDNAphage	12495	0	14.800	0.000
vOTU_3734	0.953	0.107	0.270	0.013	0.407	0.953	dsDNAphage	12507	1	25.000	0.000
vOTU_3739	0.907	0.700	0.070	0.820	0.287	0.907	dsDNAphage	12222	0	53.600	0.000
vOTU_3740	0.800	0.573	0.005	0.000	0.080	0.800	dsDNAphage	12499	0	36.400	4.500
vOTU_3780	0.967	0.233	0.310	0.240	0.067	0.967	dsDNAphage	12431	0	24.300	0.000
vOTU_3791	0.767	0.227	0.000	0.000	0.053	0.767	dsDNAphage	12271	1	40.000	30.000
vOTU_3794	0.293	0.400	0.040	0.027	0.927	0.927	lavidaviridae	11817	0	36.400	9.100
vOTU_3881	0.953	0.353	0.020	0.093	0.120	0.953	dsDNAphage	11864	0	26.900	0.000
vOTU_4007	0.987	0.493	0.015	0.027	0.160	0.987	dsDNAphage	12067	3	46.200	0.000
vOTU_4032	0.913	0.807	0.785	0.907	0.993	0.993	lavidaviridae	12024	0	43.800	0.000
vOTU_4057	0.900	0.420	0.005	0.013	0.207	0.900	dsDNAphage	11993	1	26.700	20.000
vOTU_4068	0.060	0.740	0.045	0.000	0.047	0.740	NCLDV	11314	0	12.500	0.000
vOTU_4105	0.947	0.040	0.000	0.013	0.000	0.947	dsDNAphage	11861	0	30.800	3.800
vOTU_4143	1.000	0.300	0.405	0.393	0.353	1.000	dsDNAphage	11863	3	30.800	0.000
vOTU_4154	0.933	0.213	0.020	0.047	0.687	0.933	dsDNAphage	11738	1	36.400	9.100
vOTU_4163	0.987	0.093	0.000	0.020	0.147	0.987	dsDNAphage	11778	5	41.200	11.800
vOTU_4187	1.000	0.193	0.100	0.520	0.353	1.000	dsDNAphage	11796	1	16.700	0.000
vOTU_4210	0.980	0.780	0.025	0.187	0.467	0.980	dsDNAphage	11770	4	41.200	0.000
vOTU_4211	0.973	0.207	0.415	0.273	0.320	0.973	dsDNAphage	11668	0	17.200	0.000
vOTU_4216	0.980	0.087	0.000	0.007	0.000	0.980	dsDNAphage	11765	2	36.800	15.800
vOTU_4224	0.987	0.453	0.280	0.220	0.347	0.987	dsDNAphage	11759	1	37.500	0.000
vOTU_4266	0.987	0.167	0.015	0.300	0.613	0.987	dsDNAphage	11707	7	75.000	0.000
vOTU_4271	0.720	0.420	0.210	0.413	0.720	0.720	dsDNAphage	11084	0	26.300	0.000
vOTU_4275	1.000	0.247	0.285	0.700	0.987	1.000	dsDNAphage	11692	1	41.700	0.000
vOTU_4277	0.987	0.453	0.075	0.120	0.520	0.987	dsDNAphage	11688	2	50.000	0.000
vOTU_4296	0.933	0.553	0.395	0.520	0.967	0.967	lavidaviridae	11274	0	66.700	0.000
vOTU_4305	0.987	0.147	0.205	0.293	0.833	0.987	dsDNAphage	11640	1	31.200	0.000
vOTU_4313	0.747	0.027	0.000	0.027	0.033	0.747	dsDNAphage	10472	0	30.400	17.400
vOTU_4324	0.960	0.373	0.010	0.040	0.760	0.960	dsDNAphage	11008	2	33.300	9.500
vOTU_4325	0.987	0.353	0.045	0.087	0.000	0.987	dsDNAphage	11620	0	22.200	3.700
vOTU_4376	0.913	0.147	0.210	0.427	0.073	0.913	dsDNAphage	11175	0	4.500	0.000
vOTU_4379	0.293	0.700	0.075	0.000	0.433	0.700	NCLDV	11526	0	14.300	0.000
vOTU_4393	0.367	0.500	0.105	0.027	0.660	0.660	lavidaviridae	11398	0	16.700	0.000
vOTU_4394	0.800	0.680	0.120	0.113	0.653	0.800	dsDNAphage	11273	2	42.900	0.000
vOTU_4419	0.753	0.327	0.030	0.027	0.140	0.753	dsDNAphage	11473	0	38.500	7.700
vOTU_4436	0.987	0.080	0.015	0.013	0.027	0.987	dsDNAphage	11444	5	36.800	10.500
vOTU_4470	0.873	0.173	0.005	0.033	0.213	0.873	dsDNAphage	11402	1	23.800	0.000
vOTU_4472	0.993	0.533	0.020	0.053	0.173	0.993	dsDNAphage	11321	3	25.000	0.000
vOTU_4496	1.000	0.407	0.370	0.187	0.407	1.000	dsDNAphage	11338	3	46.200	0.000
vOTU_4540	0.960	0.127	0.000	0.007	0.080	0.960	dsDNAphage	11298	5	35.700	28.600
vOTU_4541	0.873	0.173	0.025	0.053	0.060	0.873	dsDNAphage	11294	0	47.600	4.800
vOTU_4559	0.940	0.213	0.075	0.200	0.127	0.940	dsDNAphage	11124	0	17.900	3.600
vOTU_4562	0.967	0.353	0.500	0.533	0.840	0.967	dsDNAphage	11209	0	33.300	0.000
vOTU_4569	0.300	0.567	0.390	0.047	0.827	0.827	lavidaviridae	9087	0	20.000	0.000
vOTU_4604	0.987	0.527	0.045	0.087	0.380	0.987	dsDNAphage	11216	1	38.500	0.000
vOTU_4630	0.967	0.913	0.040	0.080	0.820	0.967	dsDNAphage	11190	2	35.700	0.000
vOTU_4682	1.000	0.593	0.215	0.493	0.493	1.000	dsDNAphage	11141	5	64.300	0.000
vOTU_4693	0.987	0.173	0.250	0.247	0.647	0.987	dsDNAphage	11131	2	30.800	0.000
vOTU_4705	0.987	0.587	0.305	0.693	0.527	0.987	dsDNAphage	10592	0	50.000	0.000
vOTU_4715	0.913	0.180	0.180	0.160	0.153	0.913	dsDNAphage	11100	0	35.300	0.000
vOTU_4732	0.993	0.713	0.020	0.233	0.127	0.993	dsDNAphage	11092	0	41.700	0.000
vOTU_4782	0.180	0.807	0.005	0.007	0.300	0.807	NCLDV	11046	0	42.900	0.000
vOTU_4790	0.007	0.827	0.000	0.000	0.000	0.827	NCLDV	10541	0	22.200	0.000
vOTU_4827	0.460	0.033	0.210	0.113	0.853	0.853	lavidaviridae	10974	0	23.100	0.000
vOTU_4832	0.687	0.180	0.010	0.007	0.013	0.687	dsDNAphage	10928	0	38.500	7.700
vOTU_4857	0.747	0.207	0.000	0.000	0.040	0.747	dsDNAphage	10943	2	26.700	6.700
vOTU_4898	0.820	0.507	0.250	0.120	0.393	0.820	dsDNAphage	10770	0	27.300	0.000
vOTU_4905	0.987	0.173	0.115	0.280	0.140	0.987	dsDNAphage	10709	4	27.800	0.000
vOTU_4909	1.000	0.233	0.370	0.587	0.107	1.000	dsDNAphage	10878	0	12.000	0.000
vOTU_4974	0.960	0.093	0.020	0.007	0.000	0.960	dsDNAphage	10747	2	21.400	7.100
vOTU_4986	0.967	0.527	0.115	0.093	0.913	0.967	dsDNAphage	10789	2	35.700	0.000
vOTU_5032	0.773	1.000	0.100	0.453	1.000	1.000	NCLDV	10503	0	36.400	0.000
vOTU_5047	1.000	0.407	0.010	0.060	0.007	1.000	dsDNAphage	10734	1	41.700	4.200
vOTU_5138	0.993	0.847	0.140	0.773	0.927	0.993	dsDNAphage	10429	0	52.900	0.000
vOTU_5151	0.933	0.720	0.005	0.313	0.327	0.933	dsDNAphage	10627	0	55.600	0.000
vOTU_5165	1.000	0.253	0.095	0.133	0.547	1.000	dsDNAphage	10595	2	16.700	0.000
vOTU_5167	1.000	0.053	0.100	0.093	0.480	1.000	dsDNAphage	10610	3	62.500	6.200
vOTU_5173	0.920	0.360	0.015	0.033	0.087	0.920	dsDNAphage	10039	0	27.300	9.100
vOTU_5213	0.380	0.707	0.170	0.053	0.600	0.707	NCLDV	10261	0	33.300	0.000
vOTU_5216	1.000	0.040	0.015	0.167	0.413	1.000	dsDNAphage	10550	8	92.300	7.700
vOTU_5234	0.593	0.787	0.275	0.140	0.893	0.893	lavidaviridae	10525	0	14.300	0.000
vOTU_5240	0.767	0.453	0.000	0.000	0.287	0.767	dsDNAphage	10522	1	27.300	9.100
vOTU_5251	1.000	0.233	0.100	0.480	0.647	1.000	dsDNAphage	10454	4	85.700	0.000
vOTU_5266	0.800	0.660	0.910	0.213	0.867	0.910	RNA	9948	0	14.300	0.000
vOTU_5268	0.847	0.467	0.000	0.000	0.260	0.847	dsDNAphage	10051	1	37.500	12.500
vOTU_5274	0.967	0.053	0.000	0.000	0.067	0.967	dsDNAphage	10469	1	26.100	8.700
vOTU_5282	0.447	0.913	0.030	0.000	0.567	0.913	NCLDV	10417	0	25.000	6.200
vOTU_5329	0.987	0.140	0.000	0.040	0.053	0.987	dsDNAphage	10415	2	22.200	5.600
vOTU_5335	0.113	0.900	0.055	0.000	0.320	0.900	NCLDV	10409	0	14.300	0.000
vOTU_5375	0.853	0.653	0.045	0.033	0.287	0.853	dsDNAphage	10375	3	25.000	0.000
vOTU_5380	0.980	0.093	0.150	0.020	0.307	0.980	dsDNAphage	10369	1	22.200	0.000
vOTU_5399	1.000	0.513	0.160	0.693	0.480	1.000	dsDNAphage	10344	4	50.000	0.000
vOTU_5416	0.827	0.760	0.320	0.320	0.720	0.827	dsDNAphage	10175	0	14.300	0.000
vOTU_5450	0.753	0.427	0.000	0.033	0.167	0.753	dsDNAphage	10000	3	60.000	20.000
vOTU_5499	0.707	0.460	0.030	0.193	0.220	0.707	dsDNAphage	10239	0	25.000	0.000
vOTU_5501	0.780	0.180	0.040	0.020	0.013	0.780	dsDNAphage	10235	0	10.500	5.300
vOTU_5526	0.060	0.753	0.085	0.000	0.040	0.753	NCLDV	10236	0	12.500	0.000
vOTU_5531	0.993	0.200	0.080	0.273	0.240	0.993	dsDNAphage	10168	1	68.400	0.000
vOTU_5532	0.973	0.493	0.250	0.333	0.947	0.973	dsDNAphage	9619	1	33.300	0.000
vOTU_5537	0.973	0.227	0.020	0.073	0.060	0.973	dsDNAphage	10223	1	21.700	0.000
vOTU_5588	0.807	0.067	0.010	0.020	0.027	0.807	dsDNAphage	10018	0	21.400	7.100
vOTU_5593	1.000	0.260	0.040	0.067	0.220	1.000	dsDNAphage	9443	3	57.100	0.000
vOTU_5617	0.927	0.193	0.005	0.033	0.173	0.927	dsDNAphage	10128	1	66.700	16.700
vOTU_5621	1.000	0.787	0.270	0.260	0.893	1.000	dsDNAphage	10146	3	50.000	0.000
vOTU_5634	0.120	0.827	0.065	0.087	0.207	0.827	NCLDV	10129	0	33.300	0.000
vOTU_5643	1.000	0.240	0.335	0.360	0.753	1.000	dsDNAphage	10122	3	55.600	0.000
vOTU_5658	1.000	0.527	0.145	0.053	0.487	1.000	dsDNAphage	10114	2	33.300	0.000
vOTU_5672	1.000	0.380	0.645	0.747	0.993	1.000	dsDNAphage	9950	3	41.700	0.000
vOTU_5734	0.253	0.880	0.000	0.027	0.427	0.880	NCLDV	9968	0	50.000	12.500
vOTU_5753	0.947	0.140	0.210	0.273	0.300	0.947	dsDNAphage	10034	0	61.100	0.000
vOTU_5780	1.000	0.340	0.270	0.467	0.333	1.000	dsDNAphage	10014	2	33.300	0.000
vOTU_5824	0.993	0.367	0.030	0.413	0.220	0.993	dsDNAphage	9865	0	40.900	0.000
vOTU_5854	0.953	0.167	0.000	0.000	0.047	0.953	dsDNAphage	9947	2	41.700	8.300
vOTU_5856	0.673	0.027	0.000	0.020	0.000	0.673	dsDNAphage	9944	0	20.000	10.000
vOTU_5860	0.987	0.307	0.435	0.093	0.367	0.987	dsDNAphage	9899	2	22.200	0.000
vOTU_5921	0.780	0.587	0.275	0.587	0.800	0.800	lavidaviridae	9883	0	35.300	0.000
vOTU_5933	0.920	0.527	0.375	0.927	0.980	0.980	lavidaviridae	9856	0	38.500	0.000
vOTU_5940	0.987	0.700	0.745	0.207	0.693	0.987	dsDNAphage	9877	1	28.600	0.000
vOTU_5941	1.000	0.613	0.410	0.713	0.887	1.000	dsDNAphage	9877	5	83.300	0.000
vOTU_5994	0.987	0.460	0.415	0.307	0.667	0.987	dsDNAphage	9770	1	40.000	0.000
vOTU_6010	0.853	0.320	0.295	0.167	0.460	0.853	dsDNAphage	9753	0	44.400	0.000
vOTU_6011	0.933	0.747	0.000	0.080	0.040	0.933	dsDNAphage	9748	0	52.900	5.900
vOTU_6027	1.000	0.407	0.460	0.660	0.373	1.000	dsDNAphage	9512	2	30.800	0.000
vOTU_6042	0.640	0.780	0.135	0.080	0.887	0.887	lavidaviridae	9762	0	42.900	0.000
vOTU_6059	0.367	0.740	0.165	0.053	0.707	0.740	NCLDV	9771	0	11.100	0.000
vOTU_6075	0.933	0.200	0.000	0.000	0.047	0.933	dsDNAphage	9655	5	54.500	9.100
vOTU_6085	1.000	0.387	0.070	0.613	0.407	1.000	dsDNAphage	9756	1	23.500	0.000
vOTU_6097	0.967	0.187	0.015	0.067	0.513	0.967	dsDNAphage	9745	1	57.100	14.300
vOTU_6106	0.967	0.900	0.045	0.160	0.813	0.967	dsDNAphage	9738	2	33.300	0.000
vOTU_6107	0.860	0.767	0.065	0.553	0.633	0.860	dsDNAphage	5273	0	42.900	0.000
vOTU_6119	1.000	0.047	0.000	0.027	0.040	1.000	dsDNAphage	9731	3	60.000	10.000
vOTU_6123	0.253	0.780	0.140	0.007	0.660	0.780	NCLDV	9729	0	12.500	0.000
vOTU_6148	0.913	0.073	0.000	0.007	0.047	0.913	dsDNAphage	9711	1	46.200	23.100
vOTU_6197	0.993	0.580	0.000	0.013	0.020	0.993	dsDNAphage	9674	5	57.100	7.100
vOTU_6211	0.980	0.827	0.225	0.847	0.987	0.987	lavidaviridae	9664	0	55.600	0.000
vOTU_6265	0.973	0.287	0.600	0.847	0.193	0.973	dsDNAphage	9604	0	21.100	0.000
vOTU_6271	0.987	0.107	0.005	0.013	0.053	0.987	dsDNAphage	9309	1	27.800	5.600
vOTU_6289	0.860	0.873	0.130	0.327	0.333	0.873	NCLDV	9621	0	55.600	0.000
vOTU_6315	1.000	0.853	0.170	0.840	0.993	1.000	dsDNAphage	9602	2	42.900	0.000
vOTU_6339	1.000	0.207	0.000	0.080	0.087	1.000	dsDNAphage	9530	7	63.600	9.100
vOTU_6354	0.033	0.900	0.030	0.007	0.133	0.900	NCLDV	9573	0	16.700	0.000
vOTU_6366	0.987	0.893	0.380	0.167	0.707	0.987	dsDNAphage	9532	1	55.600	0.000
vOTU_6391	0.740	0.567	0.560	0.160	0.247	0.740	dsDNAphage	9532	0	10.000	0.000
vOTU_6469	0.980	0.733	0.005	0.240	0.307	0.980	dsDNAphage	9290	4	83.300	0.000
vOTU_6498	0.967	0.120	0.005	0.020	0.067	0.967	dsDNAphage	9053	2	27.300	9.100
vOTU_6524	0.807	0.667	0.245	0.373	0.907	0.907	lavidaviridae	9431	0	81.800	0.000
vOTU_6533	0.267	0.153	0.255	0.040	0.687	0.687	lavidaviridae	9425	0	16.700	0.000
vOTU_6560	0.967	0.547	0.005	0.027	0.087	0.967	dsDNAphage	9408	1	28.600	0.000
vOTU_6574	0.993	0.047	0.375	0.433	0.700	0.993	dsDNAphage	9392	0	29.200	0.000
vOTU_6612	0.747	0.467	0.545	0.620	0.920	0.920	lavidaviridae	8499	0	18.200	0.000
vOTU_6671	0.847	0.427	0.165	0.560	0.647	0.847	dsDNAphage	9315	0	83.300	0.000
vOTU_6713	0.993	0.360	0.035	0.173	0.467	0.993	dsDNAphage	9286	2	46.200	0.000
vOTU_6714	0.673	0.513	0.020	0.040	0.433	0.673	dsDNAphage	9284	0	54.500	9.100
vOTU_6725	0.993	0.180	0.140	0.093	0.567	0.993	dsDNAphage	9221	5	58.300	0.000
vOTU_6733	0.480	0.467	0.290	0.120	0.660	0.660	lavidaviridae	9207	0	20.000	0.000
vOTU_6773	0.353	0.867	0.155	0.020	0.687	0.867	NCLDV	9244	0	50.000	0.000
vOTU_6787	0.993	0.693	0.125	0.160	0.427	0.993	dsDNAphage	9236	1	27.300	0.000
vOTU_6793	0.993	0.553	0.405	0.953	0.933	0.993	dsDNAphage	9169	0	35.000	0.000
vOTU_6796	0.960	0.633	0.030	0.000	0.293	0.960	dsDNAphage	9054	1	22.200	0.000
vOTU_6836	0.033	0.887	0.000	0.000	0.080	0.887	NCLDV	8826	0	22.200	0.000
vOTU_6846	0.707	0.987	0.075	0.053	0.373	0.987	NCLDV	8867	0	35.700	0.000
vOTU_6857	0.320	0.987	0.110	0.020	0.787	0.987	NCLDV	9030	0	27.300	0.000
vOTU_6873	0.187	0.687	0.365	0.020	0.807	0.807	lavidaviridae	8709	0	12.500	0.000
vOTU_6898	0.100	0.660	0.000	0.000	0.033	0.660	NCLDV	8701	0	22.200	0.000
vOTU_6899	0.987	0.667	0.250	0.493	0.593	0.987	dsDNAphage	9145	1	60.000	0.000
vOTU_6914	0.993	0.513	0.290	1.000	0.980	1.000	ssDNA	9016	0	100.000	0.000
vOTU_6917	0.940	0.187	0.000	0.007	0.007	0.940	dsDNAphage	9131	2	46.200	30.800
vOTU_6919	0.933	0.427	0.290	0.073	0.680	0.933	dsDNAphage	9129	1	28.600	0.000
vOTU_6930	0.173	0.840	0.095	0.000	0.433	0.840	NCLDV	7879	0	25.000	0.000
vOTU_6934	0.840	0.260	0.210	0.013	0.140	0.840	dsDNAphage	9118	1	28.600	0.000
vOTU_6948	0.900	0.027	0.005	0.020	0.013	0.900	dsDNAphage	9109	1	35.000	5.000
vOTU_6963	0.993	0.700	0.595	0.393	0.813	0.993	dsDNAphage	8999	1	20.000	0.000
vOTU_6970	0.313	0.873	0.135	0.067	0.500	0.873	NCLDV	9094	1	50.000	0.000
vOTU_6971	0.980	0.427	0.315	0.393	0.460	0.980	dsDNAphage	9061	2	33.300	0.000
vOTU_6972	0.993	0.573	0.075	0.280	0.327	0.993	dsDNAphage	8477	3	40.000	0.000
vOTU_7069	0.993	0.287	0.010	0.033	0.013	0.993	dsDNAphage	8924	3	60.000	10.000
vOTU_7075	1.000	0.700	0.195	0.873	0.553	1.000	dsDNAphage	9023	1	100.000	0.000
vOTU_7117	0.907	0.040	0.005	0.087	0.040	0.907	dsDNAphage	8859	0	52.400	9.500
vOTU_7128	0.107	0.700	0.140	0.020	0.540	0.700	NCLDV	8996	0	25.000	0.000
vOTU_7134	0.987	0.227	0.310	0.467	0.127	0.987	dsDNAphage	8898	0	22.700	0.000
vOTU_7137	0.993	0.213	0.005	0.060	0.060	0.993	dsDNAphage	8990	4	80.000	10.000
vOTU_7151	0.707	0.073	0.015	0.027	0.187	0.707	dsDNAphage	8973	0	26.700	13.300
vOTU_7153	0.980	0.280	0.010	0.020	0.040	0.980	dsDNAphage	8942	7	64.300	7.100
vOTU_7160	0.687	0.140	0.000	0.000	0.087	0.687	dsDNAphage	8970	1	28.600	14.300
vOTU_7161	0.840	0.367	0.425	0.600	0.407	0.840	dsDNAphage	7470	0	22.200	0.000
vOTU_7163	0.507	0.433	0.225	0.147	0.827	0.827	lavidaviridae	7733	0	14.300	0.000
vOTU_7167	0.853	0.160	0.005	0.033	0.047	0.853	dsDNAphage	8696	0	33.300	5.600
vOTU_7171	0.980	0.513	0.005	0.493	0.367	0.980	dsDNAphage	8962	6	40.000	0.000
vOTU_7184	0.920	0.760	0.235	0.613	0.867	0.920	dsDNAphage	8953	0	57.100	0.000
vOTU_7221	1.000	0.173	0.030	0.260	0.433	1.000	dsDNAphage	8931	1	53.800	0.000
vOTU_7231	0.687	0.140	0.005	0.007	0.060	0.687	dsDNAphage	8815	1	22.200	11.100
vOTU_7234	1.000	0.100	0.090	0.580	0.427	1.000	dsDNAphage	8925	5	58.300	0.000
vOTU_7235	0.940	0.313	0.110	0.787	0.087	0.940	dsDNAphage	8922	0	24.100	0.000
vOTU_7248	1.000	0.153	0.000	0.007	0.000	1.000	dsDNAphage	8830	2	40.000	6.700
vOTU_7304	0.967	0.067	0.070	0.133	0.073	0.967	dsDNAphage	8650	0	31.800	9.100
vOTU_7311	0.860	0.140	0.050	0.160	0.007	0.860	dsDNAphage	8864	0	7.400	3.700
vOTU_7316	1.000	0.567	0.240	0.327	0.320	1.000	dsDNAphage	8868	4	50.000	0.000
vOTU_7339	0.960	0.507	0.085	0.680	0.960	0.960	dsDNAphage	8851	0	31.200	0.000
vOTU_7346	0.780	0.047	0.000	0.000	0.013	0.780	dsDNAphage	8847	0	16.700	5.600
vOTU_7356	1.000	0.820	0.265	0.693	0.233	1.000	dsDNAphage	8842	3	38.900	0.000
vOTU_7375	0.173	0.833	0.005	0.007	0.233	0.833	NCLDV	8828	0	42.900	0.000
vOTU_7383	0.867	0.613	0.195	0.140	0.447	0.867	dsDNAphage	8665	0	37.500	0.000
vOTU_7423	0.947	0.327	0.005	0.013	0.007	0.947	dsDNAphage	8801	3	27.300	9.100
vOTU_7425	1.000	0.600	0.280	0.793	0.967	1.000	dsDNAphage	8799	2	90.000	0.000
vOTU_7440	1.000	0.313	0.235	0.680	0.307	1.000	dsDNAphage	8528	4	42.900	0.000
vOTU_7442	1.000	0.393	0.105	0.307	0.607	1.000	dsDNAphage	8651	4	60.000	0.000
vOTU_7500	0.613	0.860	0.015	0.007	0.620	0.860	NCLDV	8182	0	37.500	12.500
vOTU_7502	0.980	0.487	0.120	0.140	0.567	0.980	dsDNAphage	8648	3	66.700	0.000
vOTU_7513	0.753	0.447	0.630	0.433	0.953	0.953	lavidaviridae	8489	0	50.000	0.000
vOTU_7516	0.927	0.273	0.340	0.100	0.393	0.927	dsDNAphage	8753	0	41.700	0.000
vOTU_7532	0.987	0.033	0.000	0.013	0.040	0.987	dsDNAphage	8745	1	45.500	18.200
vOTU_7578	0.973	0.287	0.025	0.020	0.473	0.973	dsDNAphage	8539	2	44.400	11.100
vOTU_7587	0.307	0.853	0.335	0.000	0.133	0.853	NCLDV	4549	0	33.300	0.000
vOTU_7596	0.940	0.100	0.000	0.000	0.000	0.940	dsDNAphage	8713	1	50.000	25.000
vOTU_7609	1.000	0.313	0.085	0.360	0.313	1.000	dsDNAphage	8704	1	66.700	0.000
vOTU_7619	0.973	0.093	0.005	0.000	0.020	0.973	dsDNAphage	8543	4	36.400	9.100
vOTU_7624	0.453	0.393	0.530	0.320	0.807	0.807	lavidaviridae	8254	0	33.300	0.000
vOTU_7661	0.773	0.073	0.000	0.013	0.013	0.773	dsDNAphage	8616	0	33.300	11.100
vOTU_7698	0.887	0.233	0.425	0.320	0.033	0.887	dsDNAphage	8531	0	5.300	0.000
vOTU_7702	1.000	0.167	0.355	0.300	0.833	1.000	dsDNAphage	8669	1	44.400	0.000
vOTU_7705	0.953	0.367	0.235	0.340	0.147	0.953	dsDNAphage	8373	0	21.400	0.000
vOTU_7715	0.640	0.813	0.060	0.427	0.447	0.813	NCLDV	8543	0	55.600	0.000
vOTU_7747	0.987	0.640	0.380	0.553	0.973	0.987	dsDNAphage	8584	4	50.000	0.000
vOTU_7754	0.147	0.800	0.000	0.000	0.067	0.800	NCLDV	8635	0	42.900	0.000
vOTU_7770	0.973	0.740	0.235	0.153	0.447	0.973	dsDNAphage	8627	2	55.600	0.000
vOTU_7777	0.753	0.980	0.175	0.720	1.000	1.000	lavidaviridae	8417	0	87.500	0.000
vOTU_7797	0.927	0.287	0.170	0.467	0.613	0.927	dsDNAphage	8606	1	60.000	0.000
vOTU_7817	0.360	0.540	0.195	0.127	0.807	0.807	lavidaviridae	8335	0	33.300	0.000
vOTU_7831	0.993	0.200	0.015	0.060	0.007	0.993	dsDNAphage	8582	5	62.500	6.200
vOTU_7849	0.193	0.833	0.285	0.007	0.353	0.833	NCLDV	7615	0	12.500	0.000
vOTU_7865	0.900	0.133	0.025	0.073	0.093	0.900	dsDNAphage	8472	0	14.300	0.000
vOTU_7874	0.080	0.693	0.100	0.007	0.413	0.693	NCLDV	7534	0	16.700	0.000
vOTU_7891	0.833	0.400	0.130	0.260	0.307	0.833	dsDNAphage	8552	0	70.000	0.000
vOTU_7913	0.520	0.573	0.120	0.267	0.660	0.660	lavidaviridae	8539	0	22.200	0.000
vOTU_7928	0.853	0.580	0.000	0.060	0.067	0.853	dsDNAphage	8532	0	57.100	7.100
vOTU_7986	0.907	0.807	0.090	0.780	0.253	0.907	dsDNAphage	8280	0	45.800	0.000
vOTU_7998	0.973	0.100	0.150	0.553	0.020	0.973	dsDNAphage	8501	0	24.000	0.000
vOTU_8013	0.833	0.300	0.500	0.393	0.727	0.833	dsDNAphage	8490	0	33.300	0.000
vOTU_8050	0.700	0.193	0.375	0.273	0.287	0.700	dsDNAphage	8468	0	10.000	0.000
vOTU_8070	0.987	0.233	0.210	0.133	0.700	0.987	dsDNAphage	8461	5	55.600	0.000
vOTU_8122	0.993	0.300	0.205	0.480	0.640	0.993	dsDNAphage	8420	4	100.000	0.000
vOTU_8123	0.960	0.407	0.155	0.413	0.687	0.960	dsDNAphage	8419	1	50.000	0.000
vOTU_8133	0.973	0.073	0.030	0.007	0.007	0.973	dsDNAphage	8415	2	33.300	8.300
vOTU_8137	0.947	0.233	0.000	0.067	0.073	0.947	dsDNAphage	7998	0	60.000	6.700
vOTU_8142	0.320	0.780	0.000	0.013	0.080	0.780	NCLDV	8327	0	22.200	11.100
vOTU_8151	0.967	0.220	0.085	0.033	0.247	0.967	dsDNAphage	8406	2	22.200	0.000
vOTU_8183	0.987	0.167	0.275	0.313	0.100	0.987	dsDNAphage	8388	2	16.700	0.000
vOTU_8206	0.127	0.847	0.000	0.007	0.153	0.847	NCLDV	8290	0	33.300	16.700
vOTU_8225	0.693	0.113	0.015	0.000	0.127	0.693	dsDNAphage	8359	1	42.900	28.600
vOTU_8253	0.160	0.720	0.055	0.000	0.253	0.720	NCLDV	8287	0	22.200	0.000
vOTU_8267	0.927	0.173	0.025	0.087	0.047	0.927	dsDNAphage	8242	0	33.300	0.000
vOTU_8320	0.913	0.600	0.050	0.047	0.507	0.913	dsDNAphage	8314	1	16.700	0.000
vOTU_8335	0.993	0.327	0.300	0.740	0.940	0.993	dsDNAphage	8307	2	88.900	0.000
vOTU_8341	0.020	0.740	0.000	0.000	0.007	0.740	NCLDV	8306	0	12.500	0.000
vOTU_8351	1.000	0.193	0.190	0.340	0.340	1.000	dsDNAphage	8300	2	87.500	0.000
vOTU_8389	0.313	0.967	0.000	0.000	0.120	0.967	NCLDV	8152	0	44.400	11.100
vOTU_8402	0.853	0.160	0.235	0.000	0.540	0.853	dsDNAphage	8093	1	16.700	0.000
vOTU_8409	1.000	0.773	0.295	0.513	1.000	1.000	dsDNAphage	8265	1	37.500	0.000
vOTU_8434	0.167	0.813	0.135	0.040	0.407	0.813	NCLDV	8252	0	14.300	0.000
vOTU_8442	0.960	0.413	0.025	0.233	0.127	0.960	dsDNAphage	8247	0	78.900	0.000
vOTU_8443	0.967	0.267	0.115	0.413	0.233	0.967	dsDNAphage	8118	0	63.600	0.000
vOTU_8473	1.000	0.560	0.200	0.487	0.593	1.000	dsDNAphage	8232	2	36.400	0.000
vOTU_8474	1.000	0.227	0.150	0.527	0.133	1.000	dsDNAphage	8179	0	11.800	0.000
vOTU_8483	0.993	0.987	0.375	0.880	1.000	1.000	lavidaviridae	8226	0	50.000	0.000
vOTU_8553	0.840	0.133	0.000	0.007	0.027	0.840	dsDNAphage	8195	1	40.000	30.000
vOTU_8575	0.400	0.507	0.340	0.533	0.853	0.853	lavidaviridae	8016	0	37.500	0.000
vOTU_8608	0.893	0.780	0.250	0.160	0.207	0.893	dsDNAphage	8168	0	55.600	0.000
vOTU_8624	0.800	0.127	0.020	0.100	0.613	0.800	dsDNAphage	8163	0	22.200	5.600
vOTU_8635	0.140	0.740	0.175	0.000	0.760	0.760	lavidaviridae	8044	0	20.000	0.000
vOTU_8646	0.940	0.127	0.040	0.127	0.067	0.940	dsDNAphage	8152	0	20.000	0.000
vOTU_8647	0.987	0.740	0.085	0.853	0.647	0.987	dsDNAphage	8151	1	63.600	0.000
vOTU_8648	0.987	0.133	0.220	0.093	0.487	0.987	dsDNAphage	8153	1	28.600	0.000
vOTU_8663	0.993	0.287	0.485	0.707	0.113	0.993	dsDNAphage	8102	1	23.800	0.000
vOTU_8674	0.993	0.300	0.155	0.093	0.167	0.993	dsDNAphage	8139	1	40.000	0.000
vOTU_8718	0.100	0.833	0.000	0.007	0.133	0.833	NCLDV	8121	0	40.000	0.000
vOTU_8735	1.000	0.253	0.140	0.687	0.700	1.000	dsDNAphage	7997	3	60.000	0.000
vOTU_8753	0.980	0.473	0.005	0.753	0.247	0.980	dsDNAphage	6933	0	69.200	0.000
vOTU_8763	0.993	0.340	0.085	0.773	0.160	0.993	dsDNAphage	8102	0	35.300	0.000
vOTU_8811	1.000	0.000	0.005	0.020	0.047	1.000	dsDNAphage	7859	2	58.300	8.300
vOTU_8847	0.727	0.093	0.040	0.040	0.153	0.727	dsDNAphage	8059	0	5.900	0.000
vOTU_8893	0.760	0.420	0.015	0.473	0.227	0.760	dsDNAphage	8034	0	35.700	0.000
vOTU_8905	0.333	0.227	0.310	0.060	0.713	0.713	lavidaviridae	8028	0	14.300	0.000
vOTU_8907	0.813	0.813	0.020	0.407	0.200	0.813	dsDNAphage	8027	0	18.800	0.000
vOTU_8936	0.207	0.687	0.185	0.020	0.340	0.687	NCLDV	7788	0	16.700	0.000
vOTU_8942	0.573	0.500	0.820	0.313	1.000	1.000	lavidaviridae	7924	1	50.000	0.000
vOTU_8980	1.000	0.207	0.125	0.667	0.507	1.000	dsDNAphage	7871	4	75.000	0.000
vOTU_8988	1.000	0.587	0.290	0.847	0.987	1.000	dsDNAphage	7993	1	45.500	0.000
vOTU_9030	0.700	0.280	0.390	0.113	0.207	0.700	dsDNAphage	7528	0	11.100	0.000
vOTU_9036	0.967	0.040	0.295	0.233	0.073	0.967	dsDNAphage	7879	0	11.100	0.000
vOTU_9050	0.993	0.453	0.075	0.320	0.373	0.993	dsDNAphage	7968	4	71.400	0.000
vOTU_9086	0.487	0.907	0.110	0.053	0.600	0.907	NCLDV	7413	0	44.400	0.000
vOTU_9135	0.960	0.267	0.300	0.080	0.327	0.960	dsDNAphage	7926	1	20.000	0.000
vOTU_9167	0.227	0.660	0.015	0.000	0.133	0.660	NCLDV	7914	0	25.000	12.500
vOTU_9177	0.847	0.407	0.000	0.000	0.000	0.847	dsDNAphage	7907	2	20.000	20.000
vOTU_9182	1.000	0.540	0.070	0.307	0.313	1.000	dsDNAphage	7904	3	85.700	0.000
vOTU_9183	0.967	0.767	0.095	0.220	0.560	0.967	dsDNAphage	7853	4	80.000	0.000
vOTU_9196	0.187	0.267	0.175	0.007	0.820	0.820	lavidaviridae	7256	0	20.000	0.000
vOTU_9201	0.787	0.673	0.115	0.320	0.327	0.787	dsDNAphage	7893	0	37.500	0.000
vOTU_9237	0.500	0.747	0.015	0.400	0.740	0.747	NCLDV	7878	0	50.000	0.000
vOTU_9241	0.967	0.560	0.105	0.367	0.220	0.967	dsDNAphage	7580	0	31.200	0.000
vOTU_9249	0.847	0.027	0.005	0.000	0.000	0.847	dsDNAphage	7587	2	22.200	22.200
vOTU_9293	0.980	0.353	0.280	0.213	0.267	0.980	dsDNAphage	7858	1	13.300	0.000
vOTU_9302	0.920	0.640	0.000	0.007	0.307	0.920	dsDNAphage	7829	3	45.500	18.200
vOTU_9311	0.987	0.640	0.105	0.553	0.733	0.987	dsDNAphage	7739	2	72.700	0.000
vOTU_9322	0.800	0.533	0.105	0.273	0.540	0.800	dsDNAphage	7338	0	66.700	0.000
vOTU_9359	0.993	0.473	0.060	0.407	0.680	0.993	dsDNAphage	7835	2	66.700	0.000
vOTU_9426	0.967	0.313	0.105	0.480	0.307	0.967	dsDNAphage	7810	1	100.000	0.000
vOTU_9532	1.000	0.073	0.015	0.000	0.013	1.000	dsDNAphage	7728	1	35.700	7.100
vOTU_9553	0.547	0.860	0.030	0.027	0.353	0.860	NCLDV	7747	1	25.000	0.000
vOTU_9603	0.967	0.667	0.015	0.027	0.760	0.967	dsDNAphage	7719	1	42.900	14.300
vOTU_9610	0.727	0.233	0.645	0.160	0.753	0.753	lavidaviridae	6286	0	25.000	0.000
vOTU_9613	0.187	0.160	0.115	0.007	0.787	0.787	lavidaviridae	7718	0	11.100	0.000
vOTU_9652	0.967	0.353	0.235	0.027	0.413	0.967	dsDNAphage	7701	3	37.500	0.000
vOTU_9653	0.167	0.827	0.070	0.033	0.360	0.827	NCLDV	7520	0	28.600	0.000
vOTU_9656	0.860	0.180	0.320	0.140	0.033	0.860	dsDNAphage	7668	0	5.300	0.000
vOTU_9657	0.927	0.307	0.040	0.007	0.027	0.927	dsDNAphage	7698	1	25.000	12.500
vOTU_9673	1.000	0.187	0.180	0.467	0.833	1.000	dsDNAphage	7693	4	87.500	0.000
vOTU_9681	0.993	0.287	0.245	0.393	0.273	0.993	dsDNAphage	7637	1	33.300	0.000
vOTU_9713	1.000	0.207	0.080	0.360	0.547	1.000	dsDNAphage	7677	3	88.900	0.000
vOTU_9764	0.893	0.080	0.005	0.007	0.040	0.893	dsDNAphage	7289	1	50.000	12.500
vOTU_9797	0.580	0.920	0.025	0.333	0.333	0.920	NCLDV	7191	0	23.100	0.000
vOTU_9878	0.953	0.320	0.085	0.447	0.293	0.953	dsDNAphage	7602	0	46.200	0.000
vOTU_9887	0.927	0.300	0.000	0.113	0.093	0.927	dsDNAphage	7597	0	41.200	0.000
vOTU_9915	0.747	0.393	0.200	0.393	0.753	0.753	lavidaviridae	7592	0	22.200	0.000
vOTU_9974	0.980	0.227	0.010	0.260	0.720	0.980	dsDNAphage	7562	4	60.000	0.000
vOTU_9987	0.060	0.807	0.120	0.000	0.513	0.807	NCLDV	7275	0	25.000	0.000
vOTU_9992	0.787	0.200	0.220	0.687	0.793	0.793	lavidaviridae	7552	0	72.700	0.000
vOTU_9993	0.993	0.180	0.590	0.220	0.787	0.993	dsDNAphage	7554	1	12.500	0.000
vOTU_9995	0.993	0.347	0.025	0.033	0.093	0.993	dsDNAphage	7240	5	41.700	8.300
vOTU_10003	0.667	0.080	0.020	0.013	0.220	0.667	dsDNAphage	7550	0	40.000	10.000
vOTU_10026	1.000	0.267	0.175	0.473	0.800	1.000	dsDNAphage	7541	3	75.000	0.000
vOTU_10041	0.713	0.580	0.125	0.067	0.493	0.713	dsDNAphage	7305	1	40.000	0.000
vOTU_10072	1.000	0.140	0.510	0.867	0.593	1.000	dsDNAphage	7522	4	45.500	0.000
vOTU_10099	0.993	0.287	0.215	0.707	0.473	0.993	dsDNAphage	7485	1	53.800	0.000
vOTU_10129	0.893	0.580	0.160	0.033	0.133	0.893	dsDNAphage	7505	1	20.000	0.000
vOTU_10132	0.067	0.840	0.000	0.000	0.060	0.840	NCLDV	7504	0	20.000	0.000
vOTU_10151	0.167	0.700	0.015	0.013	0.113	0.700	NCLDV	7165	0	12.500	0.000
vOTU_10162	0.693	0.440	0.060	0.107	0.080	0.693	dsDNAphage	7429	0	6.700	0.000
vOTU_10183	0.587	0.747	0.590	0.060	0.833	0.833	lavidaviridae	7483	0	33.300	0.000
vOTU_10191	1.000	0.633	0.130	0.487	0.320	1.000	dsDNAphage	7482	1	33.300	0.000
vOTU_10223	0.513	0.740	0.400	0.093	0.440	0.740	NCLDV	6977	0	16.700	0.000
vOTU_10241	0.913	0.040	0.005	0.053	0.000	0.913	dsDNAphage	7404	0	18.800	6.200
vOTU_10243	0.313	0.167	0.010	0.013	0.840	0.840	lavidaviridae	7402	0	20.000	10.000
vOTU_10246	0.993	0.693	0.090	0.273	0.927	0.993	dsDNAphage	7357	3	62.500	0.000
vOTU_10277	0.533	0.760	0.190	0.127	0.420	0.760	NCLDV	7322	0	20.000	0.000
vOTU_10278	0.273	0.007	0.025	0.047	0.693	0.693	lavidaviridae	7455	0	20.000	10.000
vOTU_10289	0.673	0.927	0.000	0.000	0.020	0.927	NCLDV	7449	0	28.600	0.000
vOTU_10349	1.000	0.233	0.060	0.113	0.133	1.000	dsDNAphage	7432	5	72.700	0.000
vOTU_10354	0.973	0.193	0.055	0.613	0.087	0.973	dsDNAphage	7394	0	11.100	0.000
vOTU_10392	0.980	0.687	0.065	0.160	0.113	0.980	dsDNAphage	7250	5	72.700	0.000
vOTU_10397	0.100	0.700	0.205	0.000	0.447	0.700	NCLDV	5830	0	16.700	0.000
vOTU_10408	0.980	0.400	0.015	0.040	0.053	0.980	dsDNAphage	7417	3	50.000	12.500
vOTU_10440	0.933	0.033	0.010	0.053	0.033	0.933	dsDNAphage	7401	1	57.100	14.300
vOTU_10446	0.427	0.527	0.400	0.253	0.713	0.713	lavidaviridae	7110	0	10.000	0.000
vOTU_10466	0.047	0.660	0.000	0.000	0.013	0.660	NCLDV	7389	0	14.300	0.000
vOTU_10473	1.000	0.233	0.080	0.493	0.167	1.000	dsDNAphage	7387	1	50.000	0.000
vOTU_10519	0.093	0.720	0.020	0.000	0.160	0.720	NCLDV	7372	0	16.700	0.000
vOTU_10541	0.833	0.293	0.055	0.553	0.453	0.833	dsDNAphage	7316	0	28.600	0.000
vOTU_10555	0.960	0.887	0.380	0.533	0.900	0.960	dsDNAphage	7357	1	20.000	0.000
vOTU_10559	1.000	0.287	0.440	0.853	0.487	1.000	dsDNAphage	7356	2	33.300	0.000
vOTU_10575	0.767	0.073	0.000	0.047	0.007	0.767	dsDNAphage	7350	0	11.800	5.900
vOTU_10578	0.873	0.060	0.020	0.073	0.013	0.873	dsDNAphage	7222	0	41.200	11.800
vOTU_10665	0.980	0.580	0.175	0.120	0.207	0.980	dsDNAphage	7317	1	16.700	0.000
vOTU_10676	0.887	0.387	0.080	0.020	0.227	0.887	dsDNAphage	7312	2	33.300	0.000
vOTU_10700	0.747	0.060	0.540	0.313	0.520	0.747	dsDNAphage	7049	0	33.300	0.000
vOTU_10746	0.273	0.740	0.005	0.007	0.200	0.740	NCLDV	7048	0	44.400	11.100
vOTU_10750	0.927	0.427	0.060	0.173	0.327	0.927	dsDNAphage	7090	0	15.400	0.000
vOTU_10778	1.000	0.393	0.105	0.160	0.233	1.000	dsDNAphage	7210	1	44.400	0.000
vOTU_10791	0.933	0.093	0.010	0.000	0.060	0.933	dsDNAphage	7214	2	25.000	12.500
vOTU_10798	0.040	0.787	0.005	0.000	0.053	0.787	NCLDV	7263	0	16.700	0.000
vOTU_10828	0.920	0.387	0.700	0.407	0.840	0.920	dsDNAphage	7251	0	33.300	0.000
vOTU_10842	0.480	0.467	0.050	0.007	0.687	0.687	lavidaviridae	7066	0	33.300	0.000
vOTU_10847	0.980	0.233	0.115	0.847	0.513	0.980	dsDNAphage	7109	0	40.000	0.000
vOTU_10852	1.000	0.160	0.105	0.320	0.393	1.000	dsDNAphage	7245	4	58.300	0.000
vOTU_10871	0.500	0.833	0.140	0.040	0.647	0.833	NCLDV	7239	0	12.500	0.000
vOTU_10874	0.987	0.253	0.310	0.487	0.307	0.987	dsDNAphage	6998	3	27.300	0.000
vOTU_10919	1.000	0.133	0.150	0.600	0.713	1.000	dsDNAphage	7175	5	81.800	0.000
vOTU_10951	0.853	0.280	0.180	0.667	0.580	0.853	dsDNAphage	7212	0	33.300	0.000
vOTU_10960	0.940	0.220	0.020	0.013	0.013	0.940	dsDNAphage	7010	0	29.400	5.900
vOTU_10961	0.980	0.340	0.150	0.767	0.367	0.980	dsDNAphage	7209	4	66.700	0.000
vOTU_10976	0.893	0.440	0.000	0.060	0.067	0.893	dsDNAphage	6933	1	33.300	8.300
vOTU_10998	0.967	0.240	0.010	0.100	0.293	0.967	dsDNAphage	7196	2	46.700	0.000
vOTU_11019	0.953	0.540	0.080	0.533	0.227	0.953	dsDNAphage	6912	0	36.400	0.000
vOTU_11024	0.740	0.480	0.360	0.053	0.260	0.740	dsDNAphage	7186	0	12.500	0.000
vOTU_11047	0.773	0.900	0.285	0.653	0.767	0.900	NCLDV	6878	0	45.500	0.000
vOTU_11088	1.000	0.313	0.015	0.493	0.127	1.000	dsDNAphage	6893	2	42.900	0.000
vOTU_11097	0.567	0.887	0.420	0.373	0.960	0.960	lavidaviridae	7072	0	40.000	0.000
vOTU_11152	0.167	0.927	0.395	0.000	0.540	0.927	NCLDV	7059	0	16.700	0.000
vOTU_11173	0.713	0.153	0.015	0.040	0.093	0.713	dsDNAphage	6531	0	21.400	7.100
vOTU_11202	0.980	0.160	0.195	0.847	0.247	0.980	dsDNAphage	7131	0	56.200	0.000
vOTU_11216	0.313	0.867	0.030	0.013	0.180	0.867	NCLDV	7128	0	42.900	0.000
vOTU_11228	1.000	0.273	0.285	0.560	0.107	1.000	dsDNAphage	7125	1	41.200	0.000
vOTU_11245	1.000	0.693	0.385	0.873	0.993	1.000	dsDNAphage	6632	2	60.000	0.000
vOTU_11261	0.927	0.600	0.195	0.120	0.060	0.927	dsDNAphage	6720	0	25.000	0.000
vOTU_11264	0.893	0.080	0.480	0.233	0.593	0.893	dsDNAphage	7112	0	33.300	0.000
vOTU_11279	0.993	0.600	0.000	0.087	0.093	0.993	dsDNAphage	6990	1	50.000	8.300
vOTU_11285	0.680	0.487	0.020	0.073	0.407	0.680	dsDNAphage	6796	0	18.200	9.100
vOTU_11287	1.000	0.293	0.230	0.713	0.740	1.000	dsDNAphage	7107	3	50.000	0.000
vOTU_11288	0.067	0.700	0.055	0.133	0.220	0.700	NCLDV	6212	0	33.300	0.000
vOTU_11299	0.213	0.660	0.140	0.007	0.427	0.660	NCLDV	7100	0	14.300	0.000
vOTU_11309	0.993	0.587	0.370	0.913	0.600	0.993	dsDNAphage	7097	1	100.000	0.000
vOTU_11312	0.067	0.660	0.005	0.000	0.267	0.660	NCLDV	7082	0	14.300	0.000
vOTU_11337	0.180	0.840	0.095	0.027	0.467	0.840	NCLDV	6081	0	25.000	0.000
vOTU_11355	0.993	0.267	0.140	0.220	0.260	0.993	dsDNAphage	6872	1	75.000	0.000
vOTU_11360	1.000	0.313	0.135	0.433	0.580	1.000	dsDNAphage	7083	7	100.000	0.000
vOTU_11367	0.713	0.393	0.230	0.547	0.687	0.713	dsDNAphage	6739	0	20.000	0.000
vOTU_11377	0.467	0.100	0.275	0.100	0.707	0.707	lavidaviridae	5780	0	25.000	0.000
vOTU_11394	0.607	0.947	0.485	0.127	0.360	0.947	NCLDV	6974	0	20.000	0.000
vOTU_11425	0.753	0.527	0.080	0.140	0.180	0.753	dsDNAphage	6841	0	11.100	0.000
vOTU_11471	1.000	0.347	0.200	0.407	0.220	1.000	dsDNAphage	7046	3	33.300	0.000
vOTU_11475	0.327	0.647	0.305	0.127	0.727	0.727	lavidaviridae	7044	0	20.000	0.000
vOTU_11477	0.673	0.400	0.065	0.060	0.467	0.673	dsDNAphage	7045	0	20.000	0.000
vOTU_11479	0.053	0.853	0.000	0.000	0.080	0.853	NCLDV	7044	0	40.000	0.000
vOTU_11492	0.853	0.827	0.260	0.500	0.807	0.853	dsDNAphage	7041	0	18.800	0.000
vOTU_11494	0.993	0.513	0.150	0.260	0.613	0.993	dsDNAphage	7043	1	50.000	0.000
vOTU_11514	0.733	0.273	0.240	0.827	0.353	0.827	ssDNA	6651	1	37.500	0.000
vOTU_11519	0.780	0.027	0.000	0.013	0.007	0.780	dsDNAphage	6960	3	21.400	57.100
vOTU_11550	0.593	0.720	0.030	0.087	0.600	0.720	NCLDV	7023	0	9.100	0.000
vOTU_11563	1.000	0.427	0.060	0.107	0.167	1.000	dsDNAphage	7018	3	50.000	0.000
vOTU_11575	0.927	0.833	0.090	0.173	0.273	0.927	dsDNAphage	7015	0	54.500	0.000
vOTU_11584	1.000	0.247	0.000	0.000	0.020	1.000	dsDNAphage	6883	2	33.300	8.300
vOTU_11595	0.740	0.280	0.895	0.193	0.740	0.895	RNA	7011	0	25.000	0.000
vOTU_11602	0.987	0.400	0.115	0.187	0.227	0.987	dsDNAphage	7007	2	75.000	0.000
vOTU_11621	0.767	0.193	0.415	0.080	0.073	0.767	dsDNAphage	7000	0	10.000	0.000
vOTU_11624	0.993	0.213	0.195	0.773	0.413	0.993	dsDNAphage	7001	3	63.600	0.000
vOTU_11693	1.000	0.213	0.280	0.573	0.300	1.000	dsDNAphage	6975	2	36.400	0.000
vOTU_11713	0.120	0.667	0.055	0.040	0.273	0.667	NCLDV	6965	0	40.000	0.000
vOTU_11714	0.080	0.793	0.000	0.000	0.133	0.793	NCLDV	6876	0	28.600	14.300
vOTU_11742	0.987	0.167	0.060	0.087	0.173	0.987	dsDNAphage	6896	2	45.500	9.100
vOTU_11746	0.447	0.913	0.110	0.040	0.273	0.913	NCLDV	6577	0	20.000	0.000
vOTU_11767	0.967	0.207	0.120	0.440	0.160	0.967	dsDNAphage	6823	5	81.800	0.000
vOTU_11785	0.693	0.000	0.300	0.373	0.980	0.980	lavidaviridae	6562	0	22.200	0.000
vOTU_11824	0.980	0.333	0.405	0.373	0.680	0.980	dsDNAphage	6933	1	50.000	0.000
vOTU_11889	0.687	0.153	0.195	0.040	0.053	0.687	dsDNAphage	6673	0	12.500	0.000
vOTU_11932	0.747	0.107	0.015	0.040	0.280	0.747	dsDNAphage	6901	0	15.400	7.700
vOTU_11953	0.273	0.733	0.235	0.033	0.560	0.733	NCLDV	6896	0	16.700	0.000
vOTU_12083	0.980	0.420	0.035	0.367	0.367	0.980	dsDNAphage	6855	0	46.700	0.000
vOTU_12090	1.000	0.213	0.170	0.413	0.500	1.000	dsDNAphage	6852	2	75.000	0.000
vOTU_12111	0.987	0.340	0.230	0.260	0.320	0.987	dsDNAphage	6850	1	66.700	0.000
vOTU_12116	0.767	0.053	0.005	0.007	0.020	0.767	dsDNAphage	6848	2	33.300	16.700
vOTU_12130	0.393	0.820	0.195	0.053	0.447	0.820	NCLDV	6149	0	20.000	0.000
vOTU_12137	0.133	0.733	0.095	0.033	0.420	0.733	NCLDV	6347	0	33.300	0.000
vOTU_12186	0.993	0.207	0.095	0.273	0.407	0.993	dsDNAphage	6776	2	62.500	0.000
vOTU_12199	0.880	0.740	0.105	0.467	0.887	0.887	lavidaviridae	6748	0	61.500	0.000
vOTU_12208	0.240	0.367	0.235	0.093	0.740	0.740	lavidaviridae	6811	0	50.000	0.000
vOTU_12214	0.553	0.520	0.530	0.013	0.847	0.847	lavidaviridae	6817	0	20.000	0.000
vOTU_12219	0.347	0.960	0.190	0.073	0.787	0.960	NCLDV	6817	0	40.000	0.000
vOTU_12248	1.000	0.680	0.175	0.933	0.993	1.000	dsDNAphage	6809	1	66.700	0.000
vOTU_12252	0.913	0.433	0.450	0.907	0.647	0.913	dsDNAphage	6727	0	40.000	0.000
vOTU_12267	0.133	0.860	0.005	0.007	0.047	0.860	NCLDV	6686	0	40.000	0.000
vOTU_12317	0.240	0.913	0.110	0.120	0.567	0.913	NCLDV	6788	0	33.300	0.000
vOTU_12320	0.460	0.780	0.205	0.387	0.993	0.993	lavidaviridae	6786	0	25.000	0.000
vOTU_12330	0.927	0.360	0.000	0.053	0.033	0.927	dsDNAphage	6785	5	60.000	10.000
vOTU_12339	0.800	0.240	0.020	0.033	0.113	0.800	dsDNAphage	6782	0	41.700	8.300
vOTU_12354	0.533	0.667	0.045	0.153	0.160	0.667	NCLDV	6780	0	50.000	0.000
vOTU_12367	1.000	0.387	0.235	0.693	0.627	1.000	dsDNAphage	6652	3	100.000	0.000
vOTU_12378	0.987	0.180	0.000	0.033	0.067	0.987	dsDNAphage	6666	2	57.100	14.300
vOTU_12384	1.000	0.680	0.330	0.773	0.840	1.000	dsDNAphage	5085	2	66.700	0.000
vOTU_12394	0.433	0.913	0.160	0.173	0.607	0.913	NCLDV	6721	0	12.500	0.000
vOTU_12421	0.840	0.080	0.245	0.140	0.367	0.840	dsDNAphage	6760	0	40.000	0.000
vOTU_12441	1.000	0.827	0.055	0.567	0.527	1.000	dsDNAphage	6756	5	77.800	0.000
vOTU_12468	0.973	0.407	0.330	0.240	0.567	0.973	dsDNAphage	6749	1	42.900	0.000
vOTU_12471	0.920	0.987	0.025	0.073	0.227	0.987	NCLDV	6748	0	40.000	0.000
vOTU_12488	0.667	0.580	0.440	0.607	0.960	0.960	lavidaviridae	5190	0	40.000	0.000
vOTU_12514	0.587	0.800	0.255	0.287	0.380	0.800	NCLDV	5842	0	60.000	0.000
vOTU_12532	0.327	0.673	0.195	0.053	0.813	0.813	lavidaviridae	5220	0	40.000	0.000
vOTU_12540	0.987	0.593	0.035	0.267	0.233	0.987	dsDNAphage	6673	3	23.100	0.000
vOTU_12569	0.893	0.240	0.010	0.000	0.173	0.893	dsDNAphage	6562	1	30.000	10.000
vOTU_12583	1.000	0.187	0.130	0.307	0.140	1.000	dsDNAphage	6718	0	50.000	0.000
vOTU_12665	0.707	0.113	0.005	0.013	0.027	0.707	dsDNAphage	6698	1	42.900	14.300
vOTU_12669	0.707	0.913	0.000	0.047	0.713	0.913	NCLDV	6576	0	50.000	10.000
vOTU_12682	1.000	0.913	0.155	0.713	0.713	1.000	dsDNAphage	6691	2	71.400	0.000
vOTU_12692	0.353	0.813	0.025	0.020	0.293	0.813	NCLDV	6689	0	50.000	0.000
vOTU_12696	0.960	0.053	0.000	0.007	0.000	0.960	dsDNAphage	6686	2	36.400	18.200
vOTU_12700	1.000	0.580	0.220	0.533	0.253	1.000	dsDNAphage	6491	2	50.000	0.000
vOTU_12745	1.000	0.547	0.615	0.100	0.387	1.000	dsDNAphage	6672	1	16.700	0.000
vOTU_12747	0.460	0.707	0.475	0.120	0.860	0.860	lavidaviridae	5118	0	25.000	0.000
vOTU_12755	0.747	0.313	0.005	0.020	0.133	0.747	dsDNAphage	6671	0	23.100	7.700
vOTU_12764	0.940	0.373	0.005	0.000	0.047	0.940	dsDNAphage	6671	1	18.200	0.000
vOTU_12774	0.900	0.653	0.125	0.380	0.333	0.900	dsDNAphage	6668	0	85.700	0.000
vOTU_12776	0.467	0.507	0.125	0.020	0.693	0.693	lavidaviridae	6666	0	22.200	0.000
vOTU_12778	0.960	0.800	0.355	0.807	0.873	0.960	dsDNAphage	6666	0	23.100	0.000
vOTU_12804	0.993	0.407	0.530	0.627	0.340	0.993	dsDNAphage	6504	1	27.300	0.000
vOTU_12832	0.980	0.360	0.220	0.260	0.053	0.980	dsDNAphage	6654	0	23.100	0.000
vOTU_12864	0.107	0.380	0.160	0.000	0.673	0.673	lavidaviridae	6644	0	20.000	0.000
vOTU_12889	0.340	0.840	0.010	0.113	0.353	0.840	NCLDV	5957	0	75.000	0.000
vOTU_12908	1.000	0.400	0.130	0.147	0.467	1.000	dsDNAphage	6630	2	66.700	0.000
vOTU_12954	0.447	0.293	0.500	0.147	0.960	0.960	lavidaviridae	6558	0	25.000	0.000
vOTU_12958	0.860	0.853	0.410	0.667	0.893	0.893	lavidaviridae	6617	0	55.600	0.000
vOTU_12970	0.140	0.767	0.200	0.013	0.567	0.767	NCLDV	6611	0	16.700	0.000
vOTU_12979	0.320	0.667	0.345	0.020	0.560	0.667	NCLDV	6612	0	20.000	0.000
vOTU_13048	0.433	0.080	0.530	0.120	0.973	0.973	lavidaviridae	6355	0	25.000	0.000
vOTU_13065	0.280	0.907	0.000	0.000	0.387	0.907	NCLDV	6311	0	33.300	16.700
vOTU_13080	0.700	0.220	0.170	0.907	0.320	0.907	ssDNA	6570	0	50.000	0.000
vOTU_13114	0.747	0.287	0.460	0.153	0.667	0.747	dsDNAphage	6379	0	40.000	0.000
vOTU_13121	0.147	0.980	0.480	0.000	0.307	0.980	NCLDV	6346	0	14.300	0.000
vOTU_13131	1.000	0.300	0.110	0.433	0.340	1.000	dsDNAphage	6548	6	77.800	0.000
vOTU_13138	0.960	0.267	0.655	0.273	0.420	0.960	dsDNAphage	6384	0	9.100	0.000
vOTU_13159	0.673	0.440	0.050	0.567	0.247	0.673	dsDNAphage	6396	0	30.000	0.000
vOTU_13162	0.120	0.827	0.095	0.000	0.400	0.827	NCLDV	6560	0	20.000	0.000
vOTU_13169	0.747	0.920	0.000	0.027	0.027	0.920	NCLDV	5981	0	50.000	0.000
vOTU_13178	0.680	0.720	0.375	0.493	0.433	0.720	NCLDV	6244	1	28.600	0.000
vOTU_13185	0.480	0.827	0.290	0.140	0.713	0.827	NCLDV	6458	0	50.000	0.000
vOTU_13189	0.433	0.747	0.175	0.047	0.720	0.747	NCLDV	5365	0	33.300	16.700
vOTU_13200	0.800	0.453	0.115	0.000	0.120	0.800	dsDNAphage	6550	1	28.600	0.000
vOTU_13207	0.993	0.167	0.145	0.013	0.413	0.993	dsDNAphage	6415	1	25.000	0.000
vOTU_13234	1.000	0.347	0.095	0.513	0.180	1.000	dsDNAphage	6538	1	17.600	0.000
vOTU_13243	0.660	0.440	0.000	0.013	0.207	0.660	dsDNAphage	6538	0	45.500	9.100
vOTU_13291	0.953	0.033	0.015	0.313	0.147	0.953	dsDNAphage	6104	0	60.000	0.000
vOTU_13296	1.000	0.253	0.290	0.440	0.167	1.000	dsDNAphage	6439	1	46.700	0.000
vOTU_13297	0.600	0.980	0.215	0.513	0.987	0.987	lavidaviridae	6526	0	40.000	0.000
vOTU_13320	0.993	0.560	0.195	0.787	0.580	0.993	dsDNAphage	6524	1	44.400	0.000
vOTU_13347	0.727	0.113	0.005	0.000	0.100	0.727	dsDNAphage	6516	1	28.600	14.300
vOTU_13458	0.253	0.613	0.305	0.320	0.940	0.940	lavidaviridae	3538	0	25.000	0.000
vOTU_13481	0.793	0.080	0.140	0.200	0.260	0.793	dsDNAphage	6238	0	10.000	0.000
vOTU_13510	0.960	0.140	0.005	0.020	0.027	0.960	dsDNAphage	6060	0	38.500	7.700
vOTU_13512	0.247	0.720	0.000	0.000	0.040	0.720	NCLDV	6113	0	33.300	16.700
vOTU_13517	0.927	0.093	0.000	0.060	0.020	0.927	dsDNAphage	6469	6	66.700	25.000
vOTU_13570	0.987	0.287	0.010	0.153	0.227	0.987	dsDNAphage	6280	0	29.400	0.000
vOTU_13600	1.000	0.220	0.445	0.753	0.793	1.000	dsDNAphage	6368	1	22.200	0.000
vOTU_13601	0.980	0.833	0.475	0.673	0.173	0.980	dsDNAphage	6449	0	20.000	0.000
vOTU_13604	0.993	0.540	0.090	0.440	0.180	0.993	dsDNAphage	6447	0	69.200	0.000
vOTU_13667	0.373	0.040	0.205	0.053	0.733	0.733	lavidaviridae	6433	0	33.300	0.000
vOTU_13668	0.860	0.873	0.335	0.567	0.420	0.873	NCLDV	6432	0	50.000	0.000
vOTU_13680	1.000	0.320	0.125	0.327	0.407	1.000	dsDNAphage	6174	2	80.000	0.000
vOTU_13693	0.787	0.260	0.055	0.307	0.133	0.787	dsDNAphage	6418	0	23.100	0.000
vOTU_13758	0.860	0.280	0.030	0.007	0.080	0.860	dsDNAphage	6144	1	40.000	20.000
vOTU_13782	0.760	0.647	0.540	0.253	0.980	0.980	lavidaviridae	6401	0	20.000	0.000
vOTU_13802	0.540	0.653	0.685	0.020	0.700	0.700	lavidaviridae	5862	0	20.000	0.000
vOTU_13813	1.000	0.633	0.140	0.807	0.727	1.000	dsDNAphage	6172	1	62.500	0.000
vOTU_13821	0.213	0.667	0.030	0.000	0.007	0.667	NCLDV	6393	0	25.000	0.000
vOTU_13828	0.840	0.180	0.235	0.453	0.940	0.940	lavidaviridae	6184	0	22.200	0.000
vOTU_13832	0.980	0.373	0.055	0.340	0.153	0.980	dsDNAphage	6127	1	27.300	0.000
vOTU_13844	1.000	0.700	0.030	0.513	0.420	1.000	dsDNAphage	6387	2	100.000	0.000
vOTU_13881	0.633	0.953	0.240	0.887	0.973	0.973	lavidaviridae	4177	1	50.000	0.000
vOTU_13882	0.940	0.373	0.020	0.107	0.047	0.940	dsDNAphage	6380	0	33.300	0.000
vOTU_13925	0.880	0.100	0.330	0.147	0.620	0.880	dsDNAphage	6369	0	14.300	0.000
vOTU_13983	0.973	0.373	0.025	0.113	0.067	0.973	dsDNAphage	6354	5	66.700	11.100
vOTU_14041	1.000	0.233	0.015	0.413	0.193	1.000	dsDNAphage	6341	2	61.500	0.000
vOTU_14042	0.980	0.047	0.010	0.040	0.013	0.980	dsDNAphage	6341	1	28.600	7.100
vOTU_14061	0.973	0.307	0.340	0.893	0.133	0.973	dsDNAphage	6339	2	33.300	0.000
vOTU_14069	0.967	0.587	0.125	0.860	0.240	0.967	dsDNAphage	6337	0	36.400	0.000
vOTU_14078	0.960	0.407	0.060	0.447	0.660	0.960	dsDNAphage	6337	1	38.500	0.000
vOTU_14092	0.753	0.433	0.315	0.580	0.687	0.753	dsDNAphage	5891	0	16.700	0.000
vOTU_14104	1.000	0.353	0.060	0.080	0.080	1.000	dsDNAphage	6333	1	44.400	0.000
vOTU_14108	0.887	0.813	0.435	0.853	0.993	0.993	lavidaviridae	6329	0	66.700	0.000
vOTU_14114	0.880	0.407	0.000	0.033	0.087	0.880	dsDNAphage	6135	0	58.300	8.300
vOTU_14119	0.800	0.460	0.280	0.920	0.840	0.920	ssDNA	6320	0	70.000	0.000
vOTU_14125	0.733	0.407	0.060	0.367	0.353	0.733	dsDNAphage	6325	0	33.300	0.000
vOTU_14133	1.000	0.607	0.110	0.147	0.320	1.000	dsDNAphage	6322	2	44.400	0.000
vOTU_14169	0.980	0.827	0.010	0.087	0.520	0.980	dsDNAphage	6067	2	50.000	10.000
vOTU_14245	0.900	0.940	0.240	0.800	0.900	0.940	NCLDV	5982	0	60.000	0.000
vOTU_14252	0.820	0.367	0.045	0.527	0.220	0.820	dsDNAphage	5661	0	14.300	0.000
vOTU_14258	0.853	0.607	0.040	0.233	0.460	0.853	dsDNAphage	6292	0	30.800	0.000
vOTU_14263	0.847	0.920	0.260	0.760	0.987	0.987	lavidaviridae	6291	0	66.700	0.000
vOTU_14295	0.793	0.700	0.720	0.920	0.353	0.920	ssDNA	6284	0	37.500	0.000
vOTU_14302	0.873	0.080	0.080	0.000	0.113	0.873	dsDNAphage	6282	1	28.600	0.000
vOTU_14314	0.940	0.587	0.585	0.693	0.267	0.940	dsDNAphage	5924	0	16.700	0.000
vOTU_14328	0.987	0.120	0.020	0.047	0.113	0.987	dsDNAphage	6141	2	27.300	9.100
vOTU_14361	0.373	0.727	0.085	0.013	0.387	0.727	NCLDV	6272	0	25.000	0.000
vOTU_14374	0.773	0.193	0.395	0.887	0.987	0.987	lavidaviridae	6166	0	60.000	0.000
vOTU_14387	0.600	0.813	0.010	0.000	0.093	0.813	NCLDV	6268	0	33.300	0.000
vOTU_14391	0.913	0.667	0.220	0.720	0.933	0.933	lavidaviridae	6266	0	50.000	0.000
vOTU_14393	0.787	0.567	0.110	0.053	0.273	0.787	dsDNAphage	5754	0	57.100	0.000
vOTU_14394	0.873	0.107	0.050	0.460	0.113	0.873	dsDNAphage	6268	0	25.000	0.000
vOTU_14395	0.973	0.747	0.220	0.687	0.780	0.973	dsDNAphage	6266	1	71.400	0.000
vOTU_14402	0.940	0.607	0.075	0.447	0.487	0.940	dsDNAphage	5679	0	63.600	0.000
vOTU_14405	0.860	0.133	0.350	0.280	0.733	0.860	dsDNAphage	6264	0	37.500	0.000
vOTU_14406	0.907	0.513	0.380	0.193	0.273	0.907	dsDNAphage	6265	0	9.100	0.000
vOTU_14408	0.473	0.820	0.105	0.020	0.280	0.820	NCLDV	6265	0	16.700	0.000
vOTU_14411	0.973	0.447	0.020	0.273	0.287	0.973	dsDNAphage	6264	0	38.500	0.000
vOTU_14505	0.993	0.200	0.170	0.887	0.340	0.993	dsDNAphage	6248	3	100.000	0.000
vOTU_14535	0.480	0.400	0.840	0.353	0.967	0.967	lavidaviridae	6240	0	33.300	0.000
vOTU_14582	0.273	0.727	0.155	0.440	0.940	0.940	lavidaviridae	5381	0	16.700	0.000
vOTU_14585	0.920	0.347	0.210	0.567	0.653	0.920	dsDNAphage	6227	1	50.000	0.000
vOTU_14590	1.000	0.233	0.280	0.400	0.380	1.000	dsDNAphage	5833	1	28.600	0.000
vOTU_14624	0.993	0.860	0.205	0.880	0.707	0.993	dsDNAphage	6220	1	80.000	0.000
vOTU_14634	0.500	0.673	0.220	0.253	0.707	0.707	lavidaviridae	5967	0	20.000	10.000
vOTU_14644	0.560	0.300	0.305	0.007	0.760	0.760	lavidaviridae	6183	0	20.000	0.000
vOTU_14667	0.960	0.433	0.280	0.807	0.113	0.960	dsDNAphage	6210	0	14.300	0.000
vOTU_14680	0.167	0.880	0.085	0.047	0.847	0.880	NCLDV	5993	0	28.600	0.000
vOTU_14681	0.473	0.360	0.170	0.080	0.660	0.660	lavidaviridae	5636	0	50.000	0.000
vOTU_14684	0.993	0.160	0.235	0.647	0.213	0.993	dsDNAphage	6205	4	100.000	0.000
vOTU_14692	0.993	0.767	0.270	0.620	0.707	0.993	dsDNAphage	5437	2	60.000	0.000
vOTU_14710	0.073	0.773	0.070	0.007	0.213	0.773	NCLDV	5883	0	25.000	0.000
vOTU_14731	0.987	0.187	0.220	0.613	0.620	0.987	dsDNAphage	6196	2	75.000	0.000
vOTU_14752	0.953	0.280	0.090	0.480	0.240	0.953	dsDNAphage	5497	0	66.700	0.000
vOTU_14756	0.993	0.393	0.225	0.553	0.720	0.993	dsDNAphage	6043	3	83.300	0.000
vOTU_14761	0.947	0.280	0.200	0.387	0.340	0.947	dsDNAphage	6187	1	18.200	0.000
vOTU_14770	0.980	0.207	0.040	0.507	0.107	0.980	dsDNAphage	6098	0	35.700	0.000
vOTU_14773	0.673	0.507	0.040	0.047	0.273	0.673	dsDNAphage	6185	0	37.500	0.000
vOTU_14779	0.887	0.387	0.020	0.033	0.173	0.887	dsDNAphage	6186	1	66.700	33.300
vOTU_14792	0.967	0.293	0.195	0.507	0.527	0.967	dsDNAphage	6183	1	75.000	0.000
vOTU_14801	0.947	0.600	0.130	0.260	0.373	0.947	dsDNAphage	6181	0	23.100	0.000
vOTU_14817	0.827	0.513	0.400	0.113	0.580	0.827	dsDNAphage	6178	0	44.400	0.000
vOTU_14823	0.720	0.253	0.140	0.053	0.320	0.720	dsDNAphage	6178	0	14.300	0.000
vOTU_14853	1.000	0.767	0.355	0.513	1.000	1.000	dsDNAphage	6170	1	40.000	0.000
vOTU_14861	0.987	0.267	0.335	0.467	0.587	0.987	dsDNAphage	6172	2	40.000	0.000
vOTU_14877	0.507	0.767	0.055	0.000	0.640	0.767	NCLDV	5748	0	40.000	0.000
vOTU_14915	0.847	0.193	0.070	0.207	0.020	0.847	dsDNAphage	5923	0	7.100	0.000
vOTU_14940	1.000	0.187	0.265	0.213	0.653	1.000	dsDNAphage	5712	0	12.500	0.000
vOTU_14942	1.000	0.807	0.270	0.600	0.907	1.000	dsDNAphage	5831	1	45.500	0.000
vOTU_14951	0.140	0.853	0.125	0.013	0.580	0.853	NCLDV	6157	0	20.000	0.000
vOTU_14973	0.833	0.780	0.055	0.420	0.193	0.833	dsDNAphage	6149	0	37.500	0.000
vOTU_14991	0.767	0.667	0.185	0.627	0.353	0.767	dsDNAphage	6059	0	42.900	0.000
vOTU_14994	0.187	nan	0.435	0.340	0.767	0.767	lavidaviridae	6145	0	33.300	0.000
vOTU_14999	0.980	0.773	0.160	0.180	0.113	0.980	dsDNAphage	6144	0	21.400	0.000
vOTU_15002	1.000	0.433	0.225	0.133	0.280	1.000	dsDNAphage	6049	3	50.000	0.000
vOTU_15019	0.913	0.580	0.220	0.260	0.647	0.913	dsDNAphage	5744	0	11.100	0.000
vOTU_15026	0.867	0.280	0.000	0.007	0.020	0.867	dsDNAphage	5805	1	66.700	33.300
vOTU_15027	0.967	0.020	0.010	0.007	0.060	0.967	dsDNAphage	6033	2	25.000	12.500
vOTU_15040	0.760	0.127	0.535	0.153	0.333	0.760	dsDNAphage	6136	0	16.700	0.000
vOTU_15071	1.000	0.047	0.020	0.053	0.060	1.000	dsDNAphage	6118	6	90.000	10.000
vOTU_15078	0.767	0.280	0.270	0.227	0.933	0.933	lavidaviridae	6124	0	25.000	0.000
vOTU_15107	0.540	0.673	0.010	0.053	0.120	0.673	NCLDV	6119	1	66.700	16.700
vOTU_15120	0.960	0.580	0.215	0.713	0.747	0.960	dsDNAphage	6065	1	44.400	0.000
vOTU_15159	0.100	0.707	0.000	0.000	0.100	0.707	NCLDV	6108	0	14.300	0.000
vOTU_15165	0.640	0.747	0.265	0.140	0.600	0.747	NCLDV	5535	0	44.400	0.000
vOTU_15199	0.993	0.333	0.130	0.413	0.360	0.993	dsDNAphage	6101	2	33.300	0.000
vOTU_15207	0.200	0.653	0.465	0.127	0.827	0.827	lavidaviridae	6099	0	14.300	0.000
vOTU_15222	0.913	0.140	0.160	0.487	0.607	0.913	dsDNAphage	5989	0	57.100	0.000
vOTU_15228	0.913	0.660	0.000	0.013	0.187	0.913	dsDNAphage	6095	1	20.000	10.000
vOTU_15234	0.720	0.587	0.190	0.687	0.940	0.940	lavidaviridae	5910	0	44.400	0.000
vOTU_15263	0.833	0.440	0.110	0.047	0.160	0.833	dsDNAphage	5139	1	20.000	0.000
vOTU_15283	0.860	0.080	0.010	0.020	0.020	0.860	dsDNAphage	6085	2	37.500	12.500
vOTU_15289	0.267	0.420	0.165	0.007	0.860	0.860	lavidaviridae	6083	0	16.700	0.000
vOTU_15294	0.980	0.087	0.100	0.033	0.140	0.980	dsDNAphage	6069	1	25.000	0.000
vOTU_15300	1.000	0.727	0.115	0.540	0.333	1.000	dsDNAphage	6084	2	55.600	0.000
vOTU_15308	0.600	0.700	0.260	0.427	0.107	0.700	NCLDV	5150	0	9.100	0.000
vOTU_15322	0.133	0.720	0.200	0.007	0.247	0.720	NCLDV	5827	0	16.700	0.000
vOTU_15340	1.000	0.867	0.075	0.640	0.260	1.000	dsDNAphage	6073	2	20.000	0.000
vOTU_15344	0.647	0.427	0.580	0.420	0.753	0.753	lavidaviridae	5709	0	50.000	0.000
vOTU_15353	0.147	0.673	0.030	0.000	0.267	0.673	NCLDV	5923	0	20.000	0.000
vOTU_15362	0.747	0.620	0.025	0.040	0.073	0.747	dsDNAphage	5883	0	16.700	0.000
vOTU_15366	0.993	0.233	0.310	0.853	0.907	0.993	dsDNAphage	6067	0	55.600	0.000
vOTU_15396	0.933	0.193	0.360	0.700	0.107	0.933	dsDNAphage	6061	0	7.100	0.000
vOTU_15438	0.860	0.453	0.275	0.373	0.167	0.860	dsDNAphage	6051	0	33.300	11.100
vOTU_15440	1.000	0.520	0.195	0.807	0.213	1.000	dsDNAphage	6051	0	50.000	0.000
vOTU_15463	0.587	0.407	0.355	0.340	0.987	0.987	lavidaviridae	4111	0	16.700	0.000
vOTU_15474	0.767	0.747	0.040	0.047	0.153	0.767	dsDNAphage	6041	1	11.100	0.000
vOTU_15480	0.580	0.947	0.080	0.420	0.133	0.947	NCLDV	5960	0	10.000	0.000
vOTU_15481	1.000	0.260	0.810	0.853	0.953	1.000	dsDNAphage	6040	1	37.500	0.000
vOTU_15510	0.973	0.940	0.270	0.860	0.947	0.973	dsDNAphage	6036	0	46.200	0.000
vOTU_15533	0.060	0.887	0.000	0.000	0.000	0.887	NCLDV	5663	0	20.000	0.000
vOTU_15551	0.707	0.773	0.000	0.013	0.067	0.773	NCLDV	5272	0	20.000	0.000
vOTU_15576	0.427	0.047	0.185	0.087	0.733	0.733	lavidaviridae	5861	0	33.300	0.000
vOTU_15593	0.993	0.667	0.155	0.367	0.467	0.993	dsDNAphage	5915	4	83.300	0.000
vOTU_15625	0.147	0.733	0.155	0.007	0.487	0.733	NCLDV	5683	0	20.000	0.000
vOTU_15664	0.873	0.507	0.125	0.020	0.260	0.873	dsDNAphage	6005	1	25.000	0.000
vOTU_15672	0.993	0.780	0.235	0.487	0.440	0.993	dsDNAphage	6002	2	33.300	0.000
vOTU_15702	0.967	0.113	0.045	0.187	0.140	0.967	dsDNAphage	5998	0	13.300	0.000
vOTU_15714	1.000	0.420	0.050	0.560	0.373	1.000	dsDNAphage	5807	1	50.000	0.000
vOTU_15718	0.513	0.827	0.530	0.613	0.873	0.873	lavidaviridae	5994	0	18.200	0.000
vOTU_15736	0.893	0.520	0.000	0.080	0.027	0.893	dsDNAphage	5982	0	54.500	9.100
vOTU_15759	1.000	0.920	0.175	0.700	0.847	1.000	dsDNAphage	5910	1	83.300	0.000
vOTU_15794	0.727	0.053	0.005	0.007	0.060	0.727	dsDNAphage	5232	0	33.300	11.100
vOTU_15831	0.880	0.233	0.175	0.407	0.420	0.880	dsDNAphage	5299	0	80.000	0.000
vOTU_15909	0.313	0.600	0.190	0.027	0.853	0.853	lavidaviridae	5962	0	12.500	0.000
vOTU_15910	0.973	0.180	0.000	0.047	0.107	0.973	dsDNAphage	5960	5	71.400	14.300
vOTU_15915	0.947	0.500	0.155	0.440	0.727	0.947	dsDNAphage	5353	1	50.000	0.000
vOTU_15920	0.560	0.847	0.185	0.360	0.793	0.847	NCLDV	5705	0	60.000	0.000
vOTU_15949	0.560	0.707	0.555	0.207	0.827	0.827	lavidaviridae	5951	0	25.000	0.000
vOTU_15964	0.947	0.467	0.340	0.980	0.853	0.980	ssDNA	5945	0	80.000	0.000
vOTU_15972	1.000	0.420	0.310	0.687	0.113	1.000	dsDNAphage	5945	1	21.400	0.000
vOTU_15983	0.987	0.307	0.425	0.613	0.493	0.987	dsDNAphage	5942	2	57.100	0.000
vOTU_15998	1.000	0.293	0.145	0.493	0.447	1.000	dsDNAphage	5938	1	80.000	0.000
vOTU_16061	0.987	0.247	0.040	0.340	0.573	0.987	dsDNAphage	5695	1	44.400	0.000
vOTU_16072	1.000	0.907	0.040	0.527	0.193	1.000	dsDNAphage	5923	2	50.000	0.000
vOTU_16075	0.500	0.700	0.375	0.167	0.980	0.980	lavidaviridae	5454	0	25.000	0.000
vOTU_16077	0.973	0.833	0.215	0.800	0.980	0.980	lavidaviridae	5923	0	58.300	0.000
vOTU_16111	1.000	0.287	0.130	0.313	0.320	1.000	dsDNAphage	5916	1	37.500	0.000
vOTU_16147	0.780	0.647	0.090	0.160	0.600	0.780	dsDNAphage	5643	0	58.300	8.300
vOTU_16175	0.960	0.580	0.440	0.867	0.973	0.973	lavidaviridae	5824	0	44.400	0.000
vOTU_16189	0.000	0.927	0.020	0.000	0.080	0.927	NCLDV	5856	0	25.000	0.000
vOTU_16194	0.080	0.847	0.110	0.000	0.507	0.847	NCLDV	5899	0	20.000	0.000
vOTU_16201	0.220	0.660	0.380	0.053	0.360	0.660	NCLDV	5795	0	20.000	0.000
vOTU_16205	0.593	0.713	0.580	0.560	0.647	0.713	NCLDV	4568	0	25.000	12.500
vOTU_16216	1.000	0.260	0.220	0.427	0.780	1.000	dsDNAphage	5894	3	60.000	0.000
vOTU_16262	0.187	0.800	0.275	0.527	0.800	0.800	NCLDV	5712	0	33.300	0.000
vOTU_16263	0.693	0.173	0.125	0.433	0.387	0.693	dsDNAphage	5210	0	33.300	0.000
vOTU_16267	0.987	0.100	0.175	0.440	0.107	0.987	dsDNAphage	5857	0	46.200	0.000
vOTU_16298	0.960	0.073	0.000	0.020	0.213	0.960	dsDNAphage	5880	1	18.200	9.100
vOTU_16319	0.047	0.787	0.000	0.000	0.067	0.787	NCLDV	5221	0	20.000	0.000
vOTU_16344	0.653	0.673	0.075	0.007	0.533	0.673	NCLDV	5868	0	20.000	0.000
vOTU_16353	0.867	0.207	0.020	0.020	0.093	0.867	dsDNAphage	5453	1	33.300	16.700
vOTU_16355	0.300	0.753	0.080	0.000	0.407	0.753	NCLDV	4449	0	33.300	0.000
vOTU_16469	0.933	0.787	0.005	0.120	0.127	0.933	dsDNAphage	5793	0	40.000	0.000
vOTU_16489	0.840	0.467	0.255	0.160	0.220	0.840	dsDNAphage	5842	0	50.000	0.000
vOTU_16520	0.727	0.460	0.310	0.800	0.853	0.853	lavidaviridae	5130	0	66.700	0.000
vOTU_16531	0.893	0.053	0.045	0.013	0.087	0.893	dsDNAphage	5835	1	33.300	16.700
vOTU_16536	0.753	0.527	0.465	0.320	0.553	0.753	dsDNAphage	5831	0	40.000	0.000
vOTU_16555	0.967	0.873	0.220	0.593	0.840	0.967	dsDNAphage	5788	0	61.500	0.000
vOTU_16581	0.247	0.893	0.120	0.007	0.327	0.893	NCLDV	4804	0	16.700	0.000
vOTU_16585	0.640	0.400	0.295	0.387	0.767	0.767	lavidaviridae	5825	0	33.300	0.000
vOTU_16603	0.947	0.620	0.125	0.753	0.753	0.947	dsDNAphage	5819	0	77.800	0.000
vOTU_16604	0.107	0.840	0.055	0.020	0.067	0.840	NCLDV	5516	0	20.000	0.000
vOTU_16615	0.987	0.247	0.155	0.633	0.167	0.987	dsDNAphage	5816	2	23.100	0.000
vOTU_16618	0.847	0.420	0.315	0.773	0.353	0.847	dsDNAphage	5696	0	18.200	0.000
vOTU_16627	0.660	nan	0.345	0.160	0.373	0.660	dsDNAphage	5814	0	14.300	0.000
vOTU_16632	0.327	0.800	0.100	0.027	0.473	0.800	NCLDV	5282	0	33.300	0.000
vOTU_16649	0.693	0.160	0.480	0.220	0.320	0.693	dsDNAphage	5812	0	14.300	0.000
vOTU_16653	0.553	0.793	0.000	0.000	0.000	0.793	NCLDV	5414	0	25.000	0.000
vOTU_16671	0.993	0.040	0.060	0.080	0.647	0.993	dsDNAphage	5040	1	30.000	10.000
vOTU_16675	0.173	0.873	0.155	0.007	0.567	0.873	NCLDV	5807	0	25.000	0.000
vOTU_16695	0.893	0.393	0.055	0.147	0.140	0.893	dsDNAphage	5785	0	16.700	0.000
vOTU_16708	0.627	0.713	0.015	0.013	0.680	0.713	NCLDV	5627	0	37.500	25.000
vOTU_16741	0.993	0.560	0.110	0.287	0.540	0.993	dsDNAphage	5791	1	80.000	0.000
vOTU_16758	0.860	0.247	0.075	0.107	0.193	0.860	dsDNAphage	5692	0	25.000	0.000
vOTU_16798	0.113	0.693	0.100	0.013	0.287	0.693	NCLDV	5781	0	16.700	0.000
vOTU_16803	0.953	0.840	0.175	0.293	0.620	0.953	dsDNAphage	5782	0	84.600	0.000
vOTU_16809	0.307	0.747	0.010	0.033	0.567	0.747	NCLDV	5779	0	14.300	0.000
vOTU_16825	0.933	0.440	0.080	0.933	0.373	0.933	dsDNAphage	5775	0	77.800	0.000
vOTU_16845	0.007	0.707	0.000	0.000	0.033	0.707	NCLDV	5772	0	20.000	0.000
vOTU_16850	0.033	0.673	0.040	0.007	0.100	0.673	NCLDV	5773	0	25.000	0.000
vOTU_16876	0.933	0.633	0.045	0.787	0.107	0.933	dsDNAphage	5639	0	25.000	0.000
vOTU_16924	1.000	0.207	0.100	0.740	0.067	1.000	dsDNAphage	5759	1	23.100	0.000
vOTU_16934	0.113	0.980	0.090	0.020	0.407	0.980	NCLDV	5680	0	20.000	0.000
vOTU_16951	0.300	0.113	0.320	0.173	0.813	0.813	lavidaviridae	5754	0	20.000	0.000
vOTU_16960	0.853	0.467	0.870	0.480	0.860	0.870	RNA	5751	0	33.300	0.000
vOTU_16964	0.940	0.353	0.055	0.080	0.087	0.940	dsDNAphage	5751	0	33.300	0.000
vOTU_16971	0.060	0.720	0.000	0.000	0.167	0.720	NCLDV	5588	0	20.000	0.000
vOTU_16975	1.000	0.113	0.500	0.973	0.080	1.000	dsDNAphage	5749	2	33.300	0.000
vOTU_17028	0.087	0.680	0.000	0.000	0.013	0.680	NCLDV	5738	0	16.700	0.000
vOTU_17065	0.487	0.973	0.345	0.180	0.940	0.973	NCLDV	5326	0	25.000	0.000
vOTU_17129	0.347	0.893	0.485	0.047	0.727	0.893	NCLDV	5722	0	33.300	0.000
vOTU_17144	0.807	0.573	0.065	0.607	0.600	0.807	dsDNAphage	5415	0	30.000	0.000
vOTU_17186	0.973	0.833	0.100	0.567	0.720	0.973	dsDNAphage	5448	0	90.900	0.000
vOTU_17221	0.773	0.800	0.350	0.487	0.727	0.800	NCLDV	5023	0	66.700	0.000
vOTU_17237	0.720	0.273	0.075	0.073	0.527	0.720	dsDNAphage	5519	0	30.000	10.000
vOTU_17245	0.993	0.607	0.065	0.460	0.647	0.993	dsDNAphage	5703	2	81.800	0.000
vOTU_17256	0.940	0.067	0.000	0.013	0.027	0.940	dsDNAphage	5699	2	20.000	10.000
vOTU_17260	0.200	0.880	0.100	0.000	0.140	0.880	NCLDV	5374	0	25.000	0.000
vOTU_17284	0.440	0.740	0.265	0.127	0.613	0.740	NCLDV	5694	0	50.000	0.000
vOTU_17296	0.967	0.040	0.400	0.260	0.107	0.967	dsDNAphage	5695	0	14.300	0.000
vOTU_17312	0.520	0.353	0.375	0.367	1.000	1.000	lavidaviridae	5102	0	16.700	0.000
vOTU_17354	0.287	0.873	0.395	0.053	0.047	0.873	NCLDV	5651	0	16.700	0.000
vOTU_17384	0.367	0.773	0.230	0.073	0.267	0.773	NCLDV	5270	0	50.000	0.000
vOTU_17444	0.353	0.793	0.470	0.120	0.427	0.793	NCLDV	5542	0	25.000	0.000
vOTU_17448	1.000	0.147	0.220	0.600	0.593	1.000	dsDNAphage	5657	2	100.000	0.000
vOTU_17457	0.640	0.527	0.150	0.413	0.760	0.760	lavidaviridae	5315	0	75.000	0.000
vOTU_17463	0.027	0.753	0.000	0.000	0.000	0.753	NCLDV	5469	0	16.700	0.000
vOTU_17466	0.173	0.740	0.270	0.007	0.773	0.773	lavidaviridae	5669	0	25.000	0.000
vOTU_17471	0.527	0.520	0.240	0.013	0.853	0.853	lavidaviridae	5622	0	14.300	0.000
vOTU_17497	0.087	0.733	0.000	0.007	0.020	0.733	NCLDV	3991	0	40.000	20.000
vOTU_17504	0.893	0.273	0.030	0.060	0.013	0.893	dsDNAphage	5663	0	36.400	9.100
vOTU_17533	0.960	0.627	0.265	0.200	0.100	0.960	dsDNAphage	5588	0	15.400	0.000
vOTU_17540	0.253	0.800	0.085	0.040	0.480	0.800	NCLDV	5657	0	28.600	0.000
vOTU_17558	0.667	0.907	0.075	0.073	0.293	0.907	NCLDV	5492	0	28.600	0.000
vOTU_17576	0.947	0.473	0.000	0.053	0.007	0.947	dsDNAphage	5649	1	55.600	22.200
vOTU_17581	1.000	0.180	0.090	0.427	0.260	1.000	dsDNAphage	5572	5	87.500	0.000
vOTU_17597	0.387	1.000	0.105	0.053	0.593	1.000	NCLDV	5649	0	40.000	0.000
vOTU_17635	0.993	0.320	0.045	0.573	0.173	0.993	dsDNAphage	5645	1	25.000	0.000
vOTU_17665	0.953	0.227	0.335	0.107	0.027	0.953	dsDNAphage	5596	1	12.500	0.000
vOTU_17690	0.873	0.607	0.340	0.047	0.240	0.873	dsDNAphage	5633	1	33.300	0.000
vOTU_17702	0.127	0.907	0.140	0.007	0.760	0.907	NCLDV	5525	0	20.000	0.000
vOTU_17758	1.000	0.673	0.320	0.367	0.080	1.000	dsDNAphage	5620	2	30.800	0.000
vOTU_17797	0.527	0.833	0.195	0.233	0.140	0.833	NCLDV	5464	0	16.700	0.000
vOTU_17800	0.573	0.220	0.830	0.207	0.587	0.830	RNA	5617	0	25.000	0.000
vOTU_17829	0.940	0.333	0.175	0.240	0.093	0.940	dsDNAphage	5611	0	33.300	0.000
vOTU_17842	0.333	0.660	0.165	0.153	0.707	0.707	lavidaviridae	3980	0	25.000	0.000
vOTU_17856	1.000	0.487	0.095	0.547	0.233	1.000	dsDNAphage	5606	4	87.500	0.000
vOTU_17864	0.893	0.527	0.250	0.187	0.393	0.893	dsDNAphage	5602	1	20.000	0.000
vOTU_17869	0.613	0.667	0.240	0.740	0.953	0.953	lavidaviridae	5602	0	20.000	0.000
vOTU_17895	0.827	0.593	0.360	0.973	0.607	0.973	ssDNA	5499	0	100.000	0.000
vOTU_17933	0.760	0.253	0.020	0.040	0.040	0.760	dsDNAphage	5562	0	28.600	7.100
vOTU_17940	0.533	0.400	0.085	0.673	0.647	0.673	ssDNA	5593	0	40.000	0.000
vOTU_17954	0.653	0.687	0.835	0.467	0.993	0.993	lavidaviridae	5578	0	33.300	0.000
vOTU_17960	0.953	0.080	0.000	0.033	0.153	0.953	dsDNAphage	5450	1	20.000	10.000
vOTU_17961	0.213	0.700	0.045	0.027	0.533	0.700	NCLDV	5591	0	40.000	0.000
vOTU_17964	0.133	0.693	0.000	0.000	0.007	0.693	NCLDV	5269	0	20.000	0.000
vOTU_17965	0.680	0.587	0.045	0.540	0.753	0.753	lavidaviridae	5384	0	37.500	0.000
vOTU_17984	0.533	0.440	0.295	0.593	0.667	0.667	lavidaviridae	5426	0	50.000	0.000
vOTU_17995	0.960	0.780	0.500	0.960	1.000	1.000	lavidaviridae	5587	0	60.000	0.000
vOTU_18001	0.660	0.400	0.120	0.193	0.553	0.660	dsDNAphage	5584	0	14.300	0.000
vOTU_18004	0.807	0.420	0.035	0.340	0.067	0.807	dsDNAphage	5584	0	30.000	0.000
vOTU_18009	0.927	0.127	0.430	0.247	0.213	0.927	dsDNAphage	5584	0	7.100	0.000
vOTU_18034	0.040	0.853	0.045	0.000	0.060	0.853	NCLDV	5246	0	25.000	0.000
vOTU_18087	0.980	0.460	0.385	0.767	0.953	0.980	dsDNAphage	5437	3	50.000	0.000
vOTU_18094	1.000	0.347	0.460	0.440	0.413	1.000	dsDNAphage	5569	1	66.700	0.000
vOTU_18109	1.000	0.680	0.225	0.147	0.113	1.000	dsDNAphage	5541	1	27.300	0.000
vOTU_18114	0.793	0.760	0.165	0.140	0.853	0.853	lavidaviridae	5149	0	25.000	0.000
vOTU_18121	0.520	0.907	0.125	0.433	0.287	0.907	NCLDV	5414	0	11.100	0.000
vOTU_18132	0.540	0.840	0.025	0.027	0.307	0.840	NCLDV	5562	0	50.000	0.000
vOTU_18150	0.913	0.520	0.260	0.180	0.547	0.913	dsDNAphage	5556	1	33.300	0.000
vOTU_18157	0.207	0.893	0.045	0.020	0.153	0.893	NCLDV	5432	0	28.600	0.000
vOTU_18193	0.473	0.833	0.330	0.127	0.473	0.833	NCLDV	5552	0	16.700	0.000
vOTU_18196	0.927	0.280	0.715	0.387	0.860	0.927	dsDNAphage	5464	0	33.300	0.000
vOTU_18224	0.713	0.260	0.275	0.080	0.460	0.713	dsDNAphage	5388	0	33.300	0.000
vOTU_18237	0.880	0.260	0.215	0.407	0.740	0.880	dsDNAphage	5543	0	40.000	0.000
vOTU_18241	0.933	0.193	0.290	0.627	0.307	0.933	dsDNAphage	5544	0	50.000	0.000
vOTU_18246	0.207	0.953	0.090	0.000	0.513	0.953	NCLDV	5305	0	25.000	0.000
vOTU_18259	0.993	0.267	0.345	0.467	0.733	0.993	dsDNAphage	5437	2	60.000	0.000
vOTU_18260	0.200	1.000	0.280	0.127	0.573	1.000	NCLDV	5522	0	40.000	0.000
vOTU_18282	0.953	0.807	0.140	0.980	0.947	0.980	ssDNA	5439	0	100.000	0.000
vOTU_18292	0.620	0.787	0.025	0.460	0.773	0.787	NCLDV	5088	0	37.500	0.000
vOTU_18299	0.060	0.820	0.070	0.000	0.153	0.820	NCLDV	5534	0	25.000	0.000
vOTU_18300	0.673	0.827	0.045	0.533	0.667	0.827	NCLDV	5084	1	60.000	0.000
vOTU_18303	0.293	0.747	0.155	0.007	0.680	0.747	NCLDV	5378	0	16.700	0.000
vOTU_18349	0.933	0.780	0.030	0.513	0.627	0.933	dsDNAphage	5523	2	33.300	0.000
vOTU_18350	1.000	0.300	0.105	0.693	0.213	1.000	dsDNAphage	5445	4	60.000	0.000
vOTU_18351	0.987	0.847	0.070	0.360	0.613	0.987	dsDNAphage	5493	3	60.000	0.000
vOTU_18357	0.467	0.913	0.075	0.020	0.333	0.913	NCLDV	3997	0	33.300	0.000
vOTU_18364	0.980	0.513	0.155	0.200	0.693	0.980	dsDNAphage	5519	2	42.900	0.000
vOTU_18375	0.727	0.460	0.030	0.040	0.060	0.727	dsDNAphage	5519	0	33.300	11.100
vOTU_18389	0.840	0.680	0.275	0.047	0.400	0.840	dsDNAphage	5397	0	16.700	0.000
vOTU_18391	0.060	0.753	0.000	0.000	0.007	0.753	NCLDV	5518	0	25.000	0.000
vOTU_18397	0.993	0.347	0.165	0.620	0.660	0.993	dsDNAphage	5477	4	83.300	0.000
vOTU_18413	1.000	0.467	0.015	0.127	0.120	1.000	dsDNAphage	5511	3	53.800	0.000
vOTU_18424	0.967	0.647	0.315	0.560	0.907	0.967	dsDNAphage	5510	1	60.000	0.000
vOTU_18437	0.967	0.333	0.770	0.627	0.980	0.980	lavidaviridae	5508	0	40.000	0.000
vOTU_18439	0.180	0.727	0.040	0.013	0.680	0.727	NCLDV	5508	0	33.300	16.700
vOTU_18451	0.513	0.693	0.535	0.473	0.847	0.847	lavidaviridae	3995	0	33.300	0.000
vOTU_18465	1.000	0.140	0.100	0.480	0.533	1.000	dsDNAphage	5454	2	77.800	0.000
vOTU_18532	0.927	0.800	0.200	0.213	0.687	0.927	dsDNAphage	5435	0	50.000	0.000
vOTU_18553	0.167	0.680	0.125	0.047	0.187	0.680	NCLDV	4024	0	33.300	0.000
vOTU_18593	0.560	0.920	0.575	0.033	0.800	0.920	NCLDV	5349	0	25.000	0.000
vOTU_18623	0.720	0.427	0.415	0.647	0.867	0.867	lavidaviridae	5479	0	40.000	0.000
vOTU_18649	0.887	0.700	0.130	0.300	0.080	0.887	dsDNAphage	5476	0	11.800	0.000
vOTU_18654	0.113	0.973	0.015	0.007	0.500	0.973	NCLDV	5474	0	25.000	12.500
vOTU_18690	0.287	0.907	0.125	0.073	0.560	0.907	NCLDV	5471	0	40.000	0.000
vOTU_18700	0.980	0.293	0.160	0.587	0.500	0.980	dsDNAphage	5451	1	71.400	0.000
vOTU_18702	0.000	0.747	0.000	0.000	0.020	0.747	NCLDV	5466	0	14.300	0.000
vOTU_18755	0.460	0.713	0.005	0.000	0.153	0.713	NCLDV	4805	0	33.300	0.000
vOTU_18769	0.967	0.167	0.010	0.093	0.047	0.967	dsDNAphage	5369	2	50.000	10.000
vOTU_18770	0.953	0.240	0.360	0.627	0.380	0.953	dsDNAphage	5395	0	42.900	0.000
vOTU_18843	0.393	0.700	0.170	0.060	0.127	0.700	NCLDV	5193	0	33.300	0.000
vOTU_18862	0.833	0.260	0.165	0.393	0.360	0.833	dsDNAphage	5444	0	44.400	0.000
vOTU_18867	0.727	0.280	0.005	0.107	0.373	0.727	dsDNAphage	4933	0	75.000	12.500
vOTU_18909	0.273	0.693	0.070	0.127	0.547	0.693	NCLDV	5391	0	50.000	0.000
vOTU_18915	0.733	0.220	0.380	0.053	0.267	0.733	dsDNAphage	5439	0	33.300	0.000
vOTU_18956	1.000	0.280	0.260	0.633	0.767	1.000	dsDNAphage	5267	5	83.300	0.000
vOTU_18974	0.007	0.747	0.000	0.000	0.020	0.747	NCLDV	5387	0	20.000	0.000
vOTU_18991	0.827	0.600	0.035	0.513	0.220	0.827	dsDNAphage	5041	0	85.700	0.000
vOTU_18995	0.787	0.640	0.040	0.120	0.400	0.787	dsDNAphage	5209	0	33.300	0.000
vOTU_19020	0.760	0.233	0.155	0.227	0.207	0.760	dsDNAphage	5421	0	25.000	0.000
vOTU_19027	0.007	0.807	0.005	0.000	0.107	0.807	NCLDV	4538	0	20.000	0.000
vOTU_19030	0.960	0.193	0.385	0.200	0.213	0.960	dsDNAphage	5423	1	20.000	0.000
vOTU_19045	0.020	0.753	0.000	0.000	0.007	0.753	NCLDV	4358	0	16.700	0.000
vOTU_19050	0.293	0.733	0.010	0.060	0.360	0.733	NCLDV	5418	0	20.000	0.000
vOTU_19086	0.693	0.127	0.015	0.027	0.060	0.693	dsDNAphage	5414	1	37.500	25.000
vOTU_19103	0.873	0.580	0.140	0.860	0.893	0.893	lavidaviridae	5412	0	80.000	0.000
vOTU_19121	0.967	0.260	0.535	0.727	0.620	0.967	dsDNAphage	5407	0	18.200	0.000
vOTU_19125	0.713	0.300	0.135	0.047	0.307	0.713	dsDNAphage	5408	1	33.300	0.000
vOTU_19132	0.167	0.233	0.165	0.027	0.773	0.773	lavidaviridae	5404	0	20.000	0.000
vOTU_19148	0.307	0.213	0.175	0.680	0.913	0.913	lavidaviridae	5402	0	50.000	0.000
vOTU_19156	0.880	0.307	0.335	0.640	0.220	0.880	dsDNAphage	5403	0	42.900	0.000
vOTU_19157	0.953	0.467	0.305	0.267	0.100	0.953	dsDNAphage	5400	0	20.000	0.000
vOTU_19166	0.833	0.093	0.505	0.440	0.313	0.833	dsDNAphage	4446	0	20.000	0.000
vOTU_19173	0.553	0.247	0.005	0.040	0.927	0.927	lavidaviridae	5151	0	44.400	11.100
vOTU_19207	0.147	0.753	0.035	0.013	0.053	0.753	NCLDV	5395	0	16.700	0.000
vOTU_19230	0.967	0.593	0.235	0.053	0.380	0.967	dsDNAphage	5174	1	25.000	0.000
vOTU_19232	0.133	0.840	0.120	0.000	0.467	0.840	NCLDV	4957	0	25.000	0.000
vOTU_19290	0.980	0.147	0.450	0.653	0.860	0.980	dsDNAphage	5379	1	50.000	0.000
vOTU_19317	0.147	0.987	0.330	0.007	0.840	0.987	NCLDV	5378	0	16.700	0.000
vOTU_19350	0.820	0.440	0.135	0.067	0.227	0.820	dsDNAphage	5370	0	57.100	0.000
vOTU_19351	0.960	0.173	0.655	0.147	0.640	0.960	dsDNAphage	5370	1	20.000	0.000
vOTU_19388	0.393	0.747	0.140	0.327	0.793	0.793	lavidaviridae	4869	0	16.700	0.000
vOTU_19438	0.967	0.393	0.090	0.493	0.047	0.967	dsDNAphage	5362	0	28.600	0.000
vOTU_19442	0.673	0.667	0.550	0.027	0.720	0.720	lavidaviridae	5238	0	40.000	0.000
vOTU_19490	1.000	0.673	0.155	0.533	0.153	1.000	dsDNAphage	5353	3	50.000	0.000
vOTU_19491	0.213	0.873	0.075	0.047	0.313	0.873	NCLDV	5353	0	33.300	0.000
vOTU_19503	0.767	0.167	0.000	0.047	0.020	0.767	dsDNAphage	5255	0	57.100	14.300
vOTU_19535	0.073	0.667	0.200	0.053	0.260	0.667	NCLDV	5345	0	25.000	0.000
vOTU_19544	1.000	0.620	0.305	1.000	0.947	1.000	dsDNAphage	5345	3	100.000	0.000
vOTU_19590	0.013	0.787	0.000	0.000	0.000	0.787	NCLDV	5342	0	20.000	0.000
vOTU_19592	0.187	0.387	0.135	0.007	0.747	0.747	lavidaviridae	5340	0	25.000	0.000
vOTU_19594	0.993	0.233	0.300	0.527	0.747	0.993	dsDNAphage	5340	3	66.700	0.000
vOTU_19602	0.660	0.713	0.275	0.260	0.613	0.713	NCLDV	5338	0	66.700	0.000
vOTU_19603	0.993	0.933	0.090	0.947	0.427	0.993	dsDNAphage	5337	3	55.600	0.000
vOTU_19622	0.260	0.693	0.280	0.020	0.567	0.693	NCLDV	5249	0	16.700	0.000
vOTU_19651	1.000	0.200	0.190	0.627	0.147	1.000	dsDNAphage	4876	2	40.000	0.000
vOTU_19658	0.947	0.573	0.015	0.020	0.073	0.947	dsDNAphage	5304	1	30.000	10.000
vOTU_19663	0.867	0.033	0.000	0.020	0.020	0.867	dsDNAphage	5221	2	50.000	33.300
vOTU_19724	0.333	0.740	0.055	0.093	0.233	0.740	NCLDV	5029	0	40.000	0.000
vOTU_19739	0.993	0.267	0.225	0.160	0.367	0.993	dsDNAphage	5239	3	42.900	0.000
vOTU_19750	0.633	0.813	0.105	0.267	0.847	0.847	lavidaviridae	5250	0	25.000	0.000
vOTU_19774	0.873	0.520	0.855	0.320	0.853	0.873	dsDNAphage	4327	0	33.300	0.000
vOTU_19776	0.227	0.813	0.100	0.033	0.440	0.813	NCLDV	5312	0	33.300	0.000
vOTU_19797	0.620	0.860	0.460	0.460	0.400	0.860	NCLDV	5207	0	25.000	0.000
vOTU_19803	0.980	0.593	0.200	0.853	0.213	0.980	dsDNAphage	5310	0	60.000	0.000
vOTU_19816	0.993	0.840	0.045	0.487	0.713	0.993	dsDNAphage	5071	1	75.000	0.000
vOTU_19832	0.847	0.987	0.180	0.360	0.740	0.987	NCLDV	4553	0	80.000	0.000
vOTU_19836	0.473	0.853	0.440	0.380	0.600	0.853	NCLDV	5306	0	40.000	0.000
vOTU_19881	1.000	0.660	0.410	0.893	0.540	1.000	dsDNAphage	5236	3	100.000	0.000
vOTU_19898	0.967	0.067	0.260	0.227	0.393	0.967	dsDNAphage	5276	1	33.300	0.000
vOTU_19920	0.113	0.713	0.005	0.000	0.173	0.713	NCLDV	5229	0	33.300	16.700
vOTU_19923	0.413	0.187	0.490	0.200	0.740	0.740	lavidaviridae	5294	0	33.300	0.000
vOTU_19975	1.000	0.333	0.240	0.300	0.533	1.000	dsDNAphage	5180	1	66.700	0.000
vOTU_20016	0.113	0.887	0.065	0.000	0.340	0.887	NCLDV	5236	0	33.300	0.000
vOTU_20079	0.207	0.760	0.005	0.000	0.447	0.760	NCLDV	5050	0	28.600	14.300
vOTU_20144	0.973	0.453	0.020	0.093	0.140	0.973	dsDNAphage	5263	3	75.000	25.000
vOTU_20154	1.000	0.480	0.280	0.620	0.673	1.000	dsDNAphage	5261	1	100.000	0.000
vOTU_20197	0.467	0.813	0.010	0.093	0.380	0.813	NCLDV	5254	0	42.900	0.000
vOTU_20198	0.973	0.380	0.015	0.413	0.353	0.973	dsDNAphage	5256	4	66.700	0.000
vOTU_20201	1.000	0.813	0.200	0.727	0.727	1.000	dsDNAphage	5253	2	100.000	0.000
vOTU_20213	0.133	0.960	0.185	0.007	0.540	0.960	NCLDV	5249	0	20.000	0.000
vOTU_20250	0.693	0.840	0.035	0.127	0.453	0.840	NCLDV	4433	0	11.100	0.000
vOTU_20261	1.000	0.573	0.015	0.700	0.133	1.000	dsDNAphage	5243	1	40.000	0.000
vOTU_20268	0.993	0.287	0.065	0.313	0.067	0.993	dsDNAphage	5241	0	28.600	0.000
vOTU_20291	0.460	0.253	0.440	0.187	0.800	0.800	lavidaviridae	5178	0	33.300	0.000
vOTU_20299	0.587	0.347	0.235	0.507	0.940	0.940	lavidaviridae	5022	0	42.900	0.000
vOTU_20329	0.153	0.953	0.225	0.100	0.633	0.953	NCLDV	3372	0	33.300	0.000
vOTU_20355	0.013	0.660	0.005	0.000	0.060	0.660	NCLDV	5232	0	25.000	0.000
vOTU_20372	0.980	0.253	0.305	0.720	0.613	0.980	dsDNAphage	5118	1	57.100	0.000
vOTU_20385	0.887	0.313	0.300	0.440	0.280	0.887	dsDNAphage	5229	0	22.200	0.000
vOTU_20390	0.313	0.787	0.375	0.153	0.347	0.787	NCLDV	4837	0	33.300	0.000
vOTU_20413	0.993	0.427	0.225	0.167	0.240	0.993	dsDNAphage	5115	2	66.700	0.000
vOTU_20416	0.793	0.853	0.150	0.960	0.987	0.987	lavidaviridae	4752	0	66.700	0.000
vOTU_20438	0.880	0.713	0.050	0.187	0.407	0.880	dsDNAphage	5221	0	64.300	7.100
vOTU_20445	0.947	0.093	0.000	0.073	0.047	0.947	dsDNAphage	5218	1	40.000	10.000
vOTU_20495	0.087	0.687	0.030	0.000	0.100	0.687	NCLDV	5214	0	16.700	0.000
vOTU_20574	0.493	0.400	0.475	0.420	0.967	0.967	lavidaviridae	4262	0	16.700	0.000
vOTU_20598	0.133	0.753	0.000	0.000	0.327	0.753	NCLDV	4985	0	20.000	0.000
vOTU_20652	0.987	0.740	0.210	0.087	0.807	0.987	dsDNAphage	5190	1	54.500	0.000
vOTU_20667	0.260	0.787	0.170	0.133	0.527	0.787	NCLDV	5117	0	50.000	0.000
vOTU_20678	0.913	0.167	0.130	0.613	0.273	0.913	dsDNAphage	5191	0	55.600	0.000
vOTU_20684	0.793	0.387	0.380	0.073	0.020	0.793	dsDNAphage	5188	0	12.500	0.000
vOTU_20697	0.847	0.020	0.000	0.000	0.013	0.847	dsDNAphage	5186	2	33.300	33.300
vOTU_20744	0.940	0.933	0.105	0.840	0.860	0.940	dsDNAphage	5180	0	80.000	0.000
vOTU_20749	1.000	0.293	0.155	0.460	0.220	1.000	dsDNAphage	5182	3	66.700	0.000
vOTU_20772	0.947	0.560	0.345	0.060	0.453	0.947	dsDNAphage	5063	2	50.000	0.000
vOTU_20822	0.947	0.187	0.165	0.620	0.393	0.947	dsDNAphage	5172	0	38.500	0.000
vOTU_20832	0.867	0.187	0.080	0.407	0.387	0.867	dsDNAphage	4718	0	14.300	0.000
vOTU_20847	0.887	0.087	0.035	0.027	0.100	0.887	dsDNAphage	4972	1	42.900	28.600
vOTU_20849	0.300	0.813	0.335	0.193	0.907	0.907	lavidaviridae	4734	0	25.000	0.000
vOTU_20851	0.987	0.540	0.090	0.707	0.367	0.987	dsDNAphage	5167	2	54.500	0.000
vOTU_20852	0.160	0.867	0.035	0.047	0.333	0.867	NCLDV	4418	0	33.300	0.000
vOTU_20856	0.960	0.107	0.000	0.020	0.253	0.960	dsDNAphage	5168	1	37.500	12.500
vOTU_20874	0.933	0.780	0.400	0.740	0.387	0.933	dsDNAphage	5165	0	28.600	0.000
vOTU_20889	0.900	0.540	0.170	0.793	0.320	0.900	dsDNAphage	5162	0	46.200	0.000
vOTU_20941	0.967	0.193	0.205	0.307	0.093	0.967	dsDNAphage	5157	0	26.700	0.000
vOTU_20966	0.287	0.247	0.205	0.093	0.747	0.747	lavidaviridae	5152	0	33.300	0.000
vOTU_20984	1.000	0.833	0.040	0.600	0.527	1.000	dsDNAphage	5066	1	85.700	0.000
vOTU_21005	0.113	0.680	0.005	0.007	0.093	0.680	NCLDV	5150	0	40.000	20.000
vOTU_21023	0.987	0.100	0.055	0.120	0.107	0.987	dsDNAphage	4868	1	10.000	0.000
vOTU_21036	0.920	0.493	0.475	0.360	0.613	0.920	dsDNAphage	5094	0	33.300	0.000
vOTU_21068	1.000	0.300	0.180	0.273	0.133	1.000	dsDNAphage	5077	1	66.700	0.000
vOTU_21091	0.373	0.887	0.500	0.067	0.580	0.887	NCLDV	5135	0	25.000	0.000
vOTU_21094	0.707	0.213	0.605	0.247	0.407	0.707	dsDNAphage	4847	0	25.000	0.000
vOTU_21111	0.887	0.120	0.010	0.047	0.033	0.887	dsDNAphage	5017	0	44.400	11.100
vOTU_21145	1.000	0.213	0.415	0.347	0.193	1.000	dsDNAphage	5111	1	10.000	0.000
vOTU_21155	0.693	0.300	0.280	0.213	0.467	0.693	dsDNAphage	4881	0	20.000	0.000
vOTU_21194	0.733	0.173	0.000	0.013	0.027	0.733	dsDNAphage	5123	0	37.500	12.500
vOTU_21198	0.887	0.193	0.115	0.280	0.107	0.887	dsDNAphage	4948	0	12.500	0.000
vOTU_21207	0.940	0.873	0.375	0.907	0.947	0.947	lavidaviridae	5119	0	50.000	0.000
vOTU_21211	0.193	0.740	0.070	0.033	0.293	0.740	NCLDV	3982	0	20.000	0.000
vOTU_21226	0.680	0.113	0.335	0.127	0.020	0.680	dsDNAphage	4901	0	9.100	0.000
vOTU_21243	0.760	0.427	0.790	0.887	0.940	0.940	lavidaviridae	2706	0	50.000	0.000
vOTU_21255	0.987	0.080	0.205	0.287	0.307	0.987	dsDNAphage	5113	2	42.900	0.000
vOTU_21262	0.780	0.747	0.855	0.227	0.933	0.933	lavidaviridae	5001	0	25.000	0.000
vOTU_21264	0.720	0.427	0.130	0.200	0.753	0.753	lavidaviridae	5019	0	40.000	0.000
vOTU_21272	0.680	0.333	0.525	0.260	0.687	0.687	lavidaviridae	4760	0	33.300	0.000
vOTU_21294	0.447	0.780	0.505	0.000	0.467	0.780	NCLDV	5079	0	20.000	0.000
vOTU_21320	0.847	0.713	0.135	0.240	0.120	0.847	dsDNAphage	4740	0	12.500	0.000
vOTU_21335	0.987	0.880	0.325	0.827	0.787	0.987	dsDNAphage	5107	1	60.000	0.000
vOTU_21349	0.887	0.540	0.190	0.413	0.433	0.887	dsDNAphage	5103	0	62.500	0.000
vOTU_21428	0.767	0.760	0.000	0.080	0.040	0.767	dsDNAphage	5094	0	38.500	15.400
vOTU_21463	0.313	0.680	0.180	0.013	0.347	0.680	NCLDV	5090	0	25.000	0.000
vOTU_21528	0.480	0.500	0.610	0.660	0.987	0.987	lavidaviridae	4719	0	50.000	0.000
vOTU_21555	0.900	0.327	0.975	0.533	1.000	1.000	lavidaviridae	5077	0	33.300	0.000
vOTU_21559	0.167	0.787	0.080	0.027	0.293	0.787	NCLDV	5077	0	25.000	0.000
vOTU_21573	0.940	0.787	0.105	0.740	0.713	0.940	dsDNAphage	4975	2	55.600	0.000
vOTU_21609	0.107	0.853	0.020	0.000	0.413	0.853	NCLDV	5047	0	25.000	0.000
vOTU_21681	0.993	0.240	0.340	0.787	0.860	0.993	dsDNAphage	5062	2	75.000	0.000
vOTU_21684	0.513	0.073	0.715	0.207	0.493	0.715	RNA	4999	0	20.000	0.000
vOTU_21711	0.307	0.873	0.620	0.080	0.333	0.873	NCLDV	4508	0	33.300	0.000
vOTU_21729	0.993	0.713	0.200	0.593	0.940	0.993	dsDNAphage	5040	2	83.300	0.000
vOTU_21752	0.827	0.253	0.245	0.780	0.653	0.827	dsDNAphage	5051	0	71.400	0.000
vOTU_21761	0.800	0.267	0.060	0.860	0.567	0.860	ssDNA	4984	0	50.000	0.000
vOTU_21765	0.520	0.700	0.040	0.247	0.547	0.700	NCLDV	5052	0	33.300	0.000
vOTU_21791	0.333	0.173	0.200	0.047	0.807	0.807	lavidaviridae	3527	0	14.300	0.000
vOTU_21813	1.000	0.173	0.100	0.740	0.420	1.000	dsDNAphage	5047	4	71.400	0.000
vOTU_21820	0.993	0.313	0.220	0.587	0.527	0.993	dsDNAphage	5045	2	33.300	0.000
vOTU_21845	0.393	0.073	0.315	0.120	0.800	0.800	lavidaviridae	5039	0	25.000	0.000
vOTU_21848	0.267	0.847	0.155	0.227	0.887	0.887	lavidaviridae	4643	0	25.000	0.000
vOTU_21895	0.973	0.733	0.115	0.307	0.740	0.973	dsDNAphage	5033	1	50.000	0.000
vOTU_21902	1.000	0.073	0.200	0.853	0.533	1.000	dsDNAphage	5030	1	100.000	0.000
vOTU_21954	1.000	0.313	0.275	0.627	0.760	1.000	dsDNAphage	5025	1	42.900	0.000
vOTU_22006	0.040	0.853	0.005	0.013	0.040	0.853	NCLDV	4890	0	25.000	0.000
vOTU_22021	0.993	0.220	0.250	0.933	0.840	0.993	dsDNAphage	5019	2	100.000	0.000
vOTU_22047	0.960	0.140	0.020	0.087	0.420	0.960	dsDNAphage	5015	1	60.000	20.000
vOTU_22057	0.733	0.473	0.295	0.200	0.753	0.753	lavidaviridae	4917	0	25.000	0.000
vOTU_22075	0.773	0.900	0.295	0.020	0.373	0.900	NCLDV	5008	0	33.300	0.000
vOTU_22086	0.987	0.220	0.100	0.327	0.253	0.987	dsDNAphage	5008	0	80.000	0.000
vOTU_22092	0.993	0.307	0.145	0.393	0.467	0.993	dsDNAphage	4826	3	100.000	0.000
vOTU_22123	1.000	0.600	0.250	0.420	0.573	1.000	dsDNAphage	5001	2	60.000	0.000
vOTU_22129	0.947	0.247	0.545	0.833	0.873	0.947	dsDNAphage	5004	1	50.000	0.000
vOTU_13||0_partial	0.967	0.433	0.060	0.033	0.547	0.967	dsDNAphage	20504	1	20.000	5.000
vOTU_19||0_partial	0.940	0.280	0.000	0.000	0.127	0.940	dsDNAphage	46931	2	21.200	15.200
vOTU_516||0_partial	0.927	0.207	0.000	0.000	0.007	0.927	dsDNAphage	15415	1	12.100	18.200
vOTU_830||0_partial	0.920	0.680	0.095	0.167	0.327	0.920	dsDNAphage	11410	1	13.300	0.000
vOTU_1036||0_partial	0.820	0.593	0.110	0.040	0.447	0.820	dsDNAphage	18927	1	40.000	13.300
vOTU_12720||lt2gene	nan	nan	nan	nan	nan	nan	lavidaviridae	6683	1	100.000	0.000
vOTU_12820||lt2gene	nan	nan	nan	nan	nan	nan	dsDNAphage	6659	1	100.000	0.000
vOTU_15085||lt2gene	nan	nan	nan	nan	nan	nan	dsDNAphage	6127	2	100.000	0.000
vOTU_18143||lt2gene	nan	nan	nan	nan	nan	nan	lavidaviridae	5561	1	100.000	0.000
vOTU_20944||lt2gene	nan	nan	nan	nan	nan	nan	dsDNAphage	5158	1	100.000	0.000
